ds,trend,additive_terms,additive_terms_lower,additive_terms_upper,Christmas Day,Christmas Day_lower,Christmas Day_upper,Columbus Day,Columbus Day_lower,Columbus Day_upper,holidays,holidays_lower,holidays_upper,Independence Day,Independence Day_lower,Independence Day_upper,Independence Day (Observed),Independence Day (Observed)_lower,Independence Day (Observed)_upper,Labor Day,Labor Day_lower,Labor Day_upper,Martin Luther King Jr. Day,Martin Luther King Jr. Day_lower,Martin Luther King Jr. Day_upper,Memorial Day,Memorial Day_lower,Memorial Day_upper,New Year's Day,New Year's Day_lower,New Year's Day_upper,Thanksgiving,Thanksgiving_lower,Thanksgiving_upper,Veterans Day,Veterans Day_lower,Veterans Day_upper,Washington's Birthday,Washington's Birthday_lower,Washington's Birthday_upper,weekly,weekly_lower,weekly_upper,multiplicative_terms,multiplicative_terms_lower,multiplicative_terms_upper,yhat_lower,yhat_upper,trend_lower,trend_upper,yhat
2020-01-22T00:00:00Z,-5998.226832542905,3550.626255496536,3550.626255496536,3550.626255496536,0,0,0,0,0,0,0,0,0,0,0,0,0,0,0,0,0,0,0,0,0,0,0,0,0,0,0,0,0,0,0,0,0,0,0,0,3550.626255496536,3550.626255496536,3550.626255496536,0,0,0,-17137.152679781368,11455.10665500778,-5998.226832542905,-5998.226832542905,-2447.600577046369
2020-01-23T00:00:00Z,-5651.607806051964,7696.001354123213,7696.001354123213,7696.001354123213,0,0,0,0,0,0,0,0,0,0,0,0,0,0,0,0,0,0,0,0,0,0,0,0,0,0,0,0,0,0,0,0,0,0,0,0,7696.001354123213,7696.001354123213,7696.001354123213,0,0,0,-12999.23723218014,17578.207819732692,-5651.607806051964,-5651.607806051964,2044.393548071249
2020-01-24T00:00:00Z,-5304.988779561024,8056.991472761624,8056.991472761624,8056.991472761624,0,0,0,0,0,0,0,0,0,0,0,0,0,0,0,0,0,0,0,0,0,0,0,0,0,0,0,0,0,0,0,0,0,0,0,0,8056.991472761624,8056.991472761624,8056.991472761624,0,0,0,-12169.003137677431,17232.241761937898,-5304.988779561024,-5304.988779561024,2752.0026932006003
2020-01-25T00:00:00Z,-4958.369753070082,2552.073411569505,2552.073411569505,2552.073411569505,0,0,0,0,0,0,0,0,0,0,0,0,0,0,0,0,0,0,0,0,0,0,0,0,0,0,0,0,0,0,0,0,0,0,0,0,2552.073411569505,2552.073411569505,2552.073411569505,0,0,0,-17020.030679357023,11601.337306732972,-4958.369753070082,-4958.369753070082,-2406.296341500577
2020-01-26T00:00:00Z,-4611.750726579142,-8144.074569281402,-8144.074569281402,-8144.074569281402,0,0,0,0,0,0,0,0,0,0,0,0,0,0,0,0,0,0,0,0,0,0,0,0,0,0,0,0,0,0,0,0,0,0,0,0,-8144.074569281402,-8144.074569281402,-8144.074569281402,0,0,0,-27808.180019252224,2754.0842147486446,-4611.750726579142,-4611.750726579142,-12755.825295860544
2020-01-27T00:00:00Z,-4265.131700088201,-11624.10143428886,-11624.10143428886,-11624.10143428886,0,0,0,0,0,0,0,0,0,0,0,0,0,0,0,0,0,0,0,0,0,0,0,0,0,0,0,0,0,0,0,0,0,0,0,0,-11624.10143428886,-11624.10143428886,-11624.10143428886,0,0,0,-31273.64972157833,-608.6641232936094,-4265.131700088201,-4265.131700088201,-15889.23313437706
2020-01-28T00:00:00Z,-3918.5126735972594,-2087.516490360739,-2087.516490360739,-2087.516490360739,0,0,0,0,0,0,0,0,0,0,0,0,0,0,0,0,0,0,0,0,0,0,0,0,0,0,0,0,0,0,0,0,0,0,0,0,-2087.516490360739,-2087.516490360739,-2087.516490360739,0,0,0,-21383.928232084636,8448.8618989729,-3918.5126735972594,-3918.5126735972594,-6006.029163957999
2020-01-29T00:00:00Z,-3571.8936448132313,3550.626255501521,3550.626255501521,3550.626255501521,0,0,0,0,0,0,0,0,0,0,0,0,0,0,0,0,0,0,0,0,0,0,0,0,0,0,0,0,0,0,0,0,0,0,0,0,3550.626255501521,3550.626255501521,3550.626255501521,0,0,0,-14457.778236588389,14858.394994731181,-3571.8936448132313,-3571.8936448132313,-21.267389311710303
2020-01-30T00:00:00Z,-3225.274616029203,7696.001354127649,7696.001354127649,7696.001354127649,0,0,0,0,0,0,0,0,0,0,0,0,0,0,0,0,0,0,0,0,0,0,0,0,0,0,0,0,0,0,0,0,0,0,0,0,7696.001354127649,7696.001354127649,7696.001354127649,0,0,0,-11087.331559367454,19199.63952368025,-3225.274616029203,-3225.274616029203,4470.726738098447
2020-01-31T00:00:00Z,-2878.655587245175,8056.991472771569,8056.991472771569,8056.991472771569,0,0,0,0,0,0,0,0,0,0,0,0,0,0,0,0,0,0,0,0,0,0,0,0,0,0,0,0,0,0,0,0,0,0,0,0,8056.991472771569,8056.991472771569,8056.991472771569,0,0,0,-8978.805355558174,20091.503990926958,-2878.655587245175,-2878.655587245175,5178.335885526394
2020-02-01T00:00:00Z,-2532.036558461147,2552.073411566105,2552.073411566105,2552.073411566105,0,0,0,0,0,0,0,0,0,0,0,0,0,0,0,0,0,0,0,0,0,0,0,0,0,0,0,0,0,0,0,0,0,0,0,0,2552.073411566105,2552.073411566105,2552.073411566105,0,0,0,-15008.569124117992,13872.057517936668,-2532.036558461147,-2532.036558461147,20.036853104958027
2020-02-02T00:00:00Z,-2185.417529677118,-8144.074569286961,-8144.074569286961,-8144.074569286961,0,0,0,0,0,0,0,0,0,0,0,0,0,0,0,0,0,0,0,0,0,0,0,0,0,0,0,0,0,0,0,0,0,0,0,0,-8144.074569286961,-8144.074569286961,-8144.074569286961,0,0,0,-25182.89280395111,3974.42769420476,-2185.417529677118,-2185.417529677118,-10329.49209896408
2020-02-03T00:00:00Z,-1838.7985008930902,-11624.10143430408,-11624.10143430408,-11624.10143430408,0,0,0,0,0,0,0,0,0,0,0,0,0,0,0,0,0,0,0,0,0,0,0,0,0,0,0,0,0,0,0,0,0,0,0,0,-11624.10143430408,-11624.10143430408,-11624.10143430408,0,0,0,-27772.242107215036,2097.5274878089904,-1838.7985008930902,-1838.7985008930902,-13462.89993519717
2020-02-04T00:00:00Z,-1492.1794625887849,-2087.516490353565,-2087.516490353565,-2087.516490353565,0,0,0,0,0,0,0,0,0,0,0,0,0,0,0,0,0,0,0,0,0,0,0,0,0,0,0,0,0,0,0,0,0,0,0,0,-2087.516490353565,-2087.516490353565,-2087.516490353565,0,0,0,-17976.772360601833,9849.11351418985,-1492.1794625887849,-1492.1794625887849,-3579.6959529423502
2020-02-05T00:00:00Z,-1145.5604242844795,3550.626255503535,3550.626255503535,3550.626255503535,0,0,0,0,0,0,0,0,0,0,0,0,0,0,0,0,0,0,0,0,0,0,0,0,0,0,0,0,0,0,0,0,0,0,0,0,3550.626255503535,3550.626255503535,3550.626255503535,0,0,0,-12669.207536754042,16913.990118985937,-1145.5604242844795,-1145.5604242844795,2405.0658312190553
2020-02-06T00:00:00Z,-798.9413859801733,7696.0013541157105,7696.0013541157105,7696.0013541157105,0,0,0,0,0,0,0,0,0,0,0,0,0,0,0,0,0,0,0,0,0,0,0,0,0,0,0,0,0,0,0,0,0,0,0,0,7696.0013541157105,7696.0013541157105,7696.0013541157105,0,0,0,-8530.147292822841,22480.116194373957,-798.9413859801733,-798.9413859801733,6897.059968135537
2020-02-07T00:00:00Z,-452.322347675869,8056.991472766882,8056.991472766882,8056.991472766882,0,0,0,0,0,0,0,0,0,0,0,0,0,0,0,0,0,0,0,0,0,0,0,0,0,0,0,0,0,0,0,0,0,0,0,0,8056.991472766882,8056.991472766882,8056.991472766882,0,0,0,-6323.318445158286,23464.693705274512,-452.322347675869,-452.322347675869,7604.669125091013
2020-02-08T00:00:00Z,-105.70330937156275,2552.0734115519817,2552.0734115519817,2552.0734115519817,0,0,0,0,0,0,0,0,0,0,0,0,0,0,0,0,0,0,0,0,0,0,0,0,0,0,0,0,0,0,0,0,0,0,0,0,2552.0734115519817,2552.0734115519817,2552.0734115519817,0,0,0,-11361.915103021105,17421.244446359444,-105.70330937156275,-105.70330937156275,2446.370102180419
2020-02-09T00:00:00Z,240.91572893274153,-8144.074569292523,-8144.074569292523,-8144.074569292523,0,0,0,0,0,0,0,0,0,0,0,0,0,0,0,0,0,0,0,0,0,0,0,0,0,0,0,0,0,0,0,0,0,0,0,0,-8144.074569292523,-8144.074569292523,-8144.074569292523,0,0,0,-22955.603797925633,7074.025995461969,240.91572893274153,240.91572893274153,-7903.158840359782
2020-02-10T00:00:00Z,587.5347600543818,-11624.101434298454,-11624.101434298454,-11624.101434298454,0,0,0,0,0,0,0,0,0,0,0,0,0,0,0,0,0,0,0,0,0,0,0,0,0,0,0,0,0,0,0,0,0,0,0,0,-11624.101434298454,-11624.101434298454,-11624.101434298454,0,0,0,-26132.782615639877,3522.463196736252,587.5347600543818,587.5347600543818,-11036.566674244074
2020-02-11T00:00:00Z,934.1537911760201,-2087.5164903847767,-2087.5164903847767,-2087.5164903847767,0,0,0,0,0,0,0,0,0,0,0,0,0,0,0,0,0,0,0,0,0,0,0,0,0,0,0,0,0,0,0,0,0,0,0,0,-2087.5164903847767,-2087.5164903847767,-2087.5164903847767,0,0,0,-15534.962144203773,13138.071749116296,934.1537911760201,934.1537911760201,-1153.3626992087566
2020-02-12T00:00:00Z,1280.7728222976605,3550.626255505548,3550.626255505548,3550.626255505548,0,0,0,0,0,0,0,0,0,0,0,0,0,0,0,0,0,0,0,0,0,0,0,0,0,0,0,0,0,0,0,0,0,0,0,0,3550.626255505548,3550.626255505548,3550.626255505548,0,0,0,-10174.094290691412,20517.99389454579,1280.7728222976605,1280.7728222976605,4831.3990778032085
2020-02-13T00:00:00Z,1627.3918534192987,7696.001354120146,7696.001354120146,7696.001354120146,0,0,0,0,0,0,0,0,0,0,0,0,0,0,0,0,0,0,0,0,0,0,0,0,0,0,0,0,0,0,0,0,0,0,0,0,7696.001354120146,7696.001354120146,7696.001354120146,0,0,0,-4563.615475971953,23766.510456204418,1627.3918534192987,1627.3918534192987,9323.393207539444
2020-02-14T00:00:00Z,1974.010884540938,8056.991472767156,8056.991472767156,8056.991472767156,0,0,0,0,0,0,0,0,0,0,0,0,0,0,0,0,0,0,0,0,0,0,0,0,0,0,0,0,0,0,0,0,0,0,0,0,8056.991472767156,8056.991472767156,8056.991472767156,0,0,0,-4356.214986766592,25682.534264620703,1974.010884540938,1974.010884540938,10031.002357308094
2020-02-15T00:00:00Z,2320.6299156625782,2552.073411548582,2552.073411548582,2552.073411548582,0,0,0,0,0,0,0,0,0,0,0,0,0,0,0,0,0,0,0,0,0,0,0,0,0,0,0,0,0,0,0,0,0,0,0,0,2552.073411548582,2552.073411548582,2552.073411548582,0,0,0,-9268.29780781178,19610.968755263882,2320.6299156625782,2320.6299156625782,4872.70332721116
2020-02-16T00:00:00Z,2667.248951089955,-8144.074569302783,-8144.074569302783,-8144.074569302783,0,0,0,0,0,0,0,0,0,0,0,0,0,0,0,0,0,0,0,0,0,0,0,0,0,0,0,0,0,0,0,0,0,0,0,0,-8144.074569302783,-8144.074569302783,-8144.074569302783,0,0,0,-20708.933230568826,10390.969762259483,2667.248951089955,2667.248951089955,-5476.825618212828
2020-02-17T00:00:00Z,3013.867986517332,-1177.0459246532273,-1177.0459246532273,-1177.0459246532273,0,0,0,0,0,0,10447.055509645827,10447.055509645827,10447.055509645827,0,0,0,0,0,0,0,0,0,0,0,0,0,0,0,0,0,0,0,0,0,0,0,0,10447.055509645827,10447.055509645827,10447.055509645827,-11624.101434299053,-11624.101434299053,-11624.101434299053,0,0,0,-13057.832665850343,16304.114403735088,3013.867986517332,3013.867986517332,1836.8220618641049
2020-02-18T00:00:00Z,3360.487021944709,-2087.516490378503,-2087.516490378503,-2087.516490378503,0,0,0,0,0,0,0,0,0,0,0,0,0,0,0,0,0,0,0,0,0,0,0,0,0,0,0,0,0,0,0,0,0,0,0,0,-2087.516490378503,-2087.516490378503,-2087.516490378503,0,0,0,-14582.898668844959,15853.910317718019,3360.487021944709,3360.487021944709,1272.9705315662059
2020-02-19T00:00:00Z,3707.1060573720856,3550.626255510534,3550.626255510534,3550.626255510534,0,0,0,0,0,0,0,0,0,0,0,0,0,0,0,0,0,0,0,0,0,0,0,0,0,0,0,0,0,0,0,0,0,0,0,0,3550.626255510534,3550.626255510534,3550.626255510534,0,0,0,-7405.849492754397,21413.835450793635,3707.1060573720856,3707.1060573720856,7257.732312882619
2020-02-20T00:00:00Z,4053.7250927994646,7696.001354121009,7696.001354121009,7696.001354121009,0,0,0,0,0,0,0,0,0,0,0,0,0,0,0,0,0,0,0,0,0,0,0,0,0,0,0,0,0,0,0,0,0,0,0,0,7696.001354121009,7696.001354121009,7696.001354121009,0,0,0,-2813.834965684667,26519.966373200605,4053.7250927994646,4053.7250927994646,11749.726446920475
2020-02-21T00:00:00Z,4400.34412822684,8056.991472767429,8056.991472767429,8056.991472767429,0,0,0,0,0,0,0,0,0,0,0,0,0,0,0,0,0,0,0,0,0,0,0,0,0,0,0,0,0,0,0,0,0,0,0,0,8056.991472767429,8056.991472767429,8056.991472767429,0,0,0,-1955.0415528330539,27052.460436822985,4400.34412822684,4400.34412822684,12457.335600994269
2020-02-22T00:00:00Z,4879.309318520697,2552.073411581352,2552.073411581352,2552.073411581352,0,0,0,0,0,0,0,0,0,0,0,0,0,0,0,0,0,0,0,0,0,0,0,0,0,0,0,0,0,0,0,0,0,0,0,0,2552.073411581352,2552.073411581352,2552.073411581352,0,0,0,-7430.0657441949,21464.655716996735,4879.309318520697,4879.309318520697,7431.382730102049
2020-02-23T00:00:00Z,5358.274508814553,-8144.074569303642,-8144.074569303642,-8144.074569303642,0,0,0,0,0,0,0,0,0,0,0,0,0,0,0,0,0,0,0,0,0,0,0,0,0,0,0,0,0,0,0,0,0,0,0,0,-8144.074569303642,-8144.074569303642,-8144.074569303642,0,0,0,-18067.937599115226,12690.133681623156,5358.274508814553,5358.274508814553,-2785.8000604890894
2020-02-24T00:00:00Z,5837.2396991084115,-11624.101434293434,-11624.101434293434,-11624.101434293434,0,0,0,0,0,0,0,0,0,0,0,0,0,0,0,0,0,0,0,0,0,0,0,0,0,0,0,0,0,0,0,0,0,0,0,0,-11624.101434293434,-11624.101434293434,-11624.101434293434,0,0,0,-21016.440446507477,9160.777744029585,5837.2396991084115,5837.2396991084115,-5786.861735185023
2020-02-25T00:00:00Z,6316.204889402268,-2087.516490370426,-2087.516490370426,-2087.516490370426,0,0,0,0,0,0,0,0,0,0,0,0,0,0,0,0,0,0,0,0,0,0,0,0,0,0,0,0,0,0,0,0,0,0,0,0,-2087.516490370426,-2087.516490370426,-2087.516490370426,0,0,0,-9865.295307158265,20693.96823171762,6316.204889402268,6316.204889402268,4228.688399031842
2020-02-26T00:00:00Z,6795.170079696124,3550.6262555125477,3550.6262555125477,3550.6262555125477,0,0,0,0,0,0,0,0,0,0,0,0,0,0,0,0,0,0,0,0,0,0,0,0,0,0,0,0,0,0,0,0,0,0,0,0,3550.6262555125477,3550.6262555125477,3550.6262555125477,0,0,0,-4419.99331864615,26385.243129229373,6795.170079696124,6795.170079696124,10345.796335208672
2020-02-27T00:00:00Z,7274.135269989981,7696.00135411622,7696.00135411622,7696.00135411622,0,0,0,0,0,0,0,0,0,0,0,0,0,0,0,0,0,0,0,0,0,0,0,0,0,0,0,0,0,0,0,0,0,0,0,0,7696.00135411622,7696.00135411622,7696.00135411622,0,0,0,-1124.270098399428,30367.017922009043,7274.135269989981,7274.135269989981,14970.1366241062
2020-02-28T00:00:00Z,8033.227725668836,8056.991472767704,8056.991472767704,8056.991472767704,0,0,0,0,0,0,0,0,0,0,0,0,0,0,0,0,0,0,0,0,0,0,0,0,0,0,0,0,0,0,0,0,0,0,0,0,8056.991472767704,8056.991472767704,8056.991472767704,0,0,0,474.61114835060295,30242.881080506857,8033.227725668836,8033.227725668836,16090.21919843654
2020-02-29T00:00:00Z,8792.320181347683,2552.0734115779514,2552.0734115779514,2552.0734115779514,0,0,0,0,0,0,0,0,0,0,0,0,0,0,0,0,0,0,0,0,0,0,0,0,0,0,0,0,0,0,0,0,0,0,0,0,2552.0734115779514,2552.0734115779514,2552.0734115779514,0,0,0,-3562.4842714853867,26946.90314328359,8792.320181347683,8792.320181347683,11344.393592925633
2020-03-01T00:00:00Z,9551.41263702653,-8144.074569277389,-8144.074569277389,-8144.074569277389,0,0,0,0,0,0,0,0,0,0,0,0,0,0,0,0,0,0,0,0,0,0,0,0,0,0,0,0,0,0,0,0,0,0,0,0,-8144.074569277389,-8144.074569277389,-8144.074569277389,0,0,0,-15073.37047734683,15731.240170116433,9551.41263702653,9551.41263702653,1407.3380677491405
2020-03-02T00:00:00Z,10310.50509270538,-11624.10143429092,-11624.10143429092,-11624.10143429092,0,0,0,0,0,0,0,0,0,0,0,0,0,0,0,0,0,0,0,0,0,0,0,0,0,0,0,0,0,0,0,0,0,0,0,0,-11624.10143429092,-11624.10143429092,-11624.10143429092,0,0,0,-15571.476511416193,13791.655428864457,10310.50509270538,10310.50509270538,-1313.5963415855404
2020-03-03T00:00:00Z,11069.597548384227,-2087.516490364153,-2087.516490364153,-2087.516490364153,0,0,0,0,0,0,0,0,0,0,0,0,0,0,0,0,0,0,0,0,0,0,0,0,0,0,0,0,0,0,0,0,0,0,0,0,-2087.516490364153,-2087.516490364153,-2087.516490364153,0,0,0,-6117.650075773816,23892.84987523181,11069.597548384227,11069.597548384227,8982.081058020074
2020-03-04T00:00:00Z,11828.690004063077,3550.626255498636,3550.626255498636,3550.626255498636,0,0,0,0,0,0,0,0,0,0,0,0,0,0,0,0,0,0,0,0,0,0,0,0,0,0,0,0,0,0,0,0,0,0,0,0,3550.626255498636,3550.626255498636,3550.626255498636,0,0,0,869.6977795632073,30027.253001208675,11828.690004063077,11828.690004063077,15379.316259561714
2020-03-05T00:00:00Z,13156.498475012018,7696.001354113503,7696.001354113503,7696.001354113503,0,0,0,0,0,0,0,0,0,0,0,0,0,0,0,0,0,0,0,0,0,0,0,0,0,0,0,0,0,0,0,0,0,0,0,0,7696.001354113503,7696.001354113503,7696.001354113503,0,0,0,4921.004772420413,34877.23800786467,13156.498475012018,13156.498475012018,20852.49982912552
2020-03-06T00:00:00Z,14484.306945960952,8056.991472763016,8056.991472763016,8056.991472763016,0,0,0,0,0,0,0,0,0,0,0,0,0,0,0,0,0,0,0,0,0,0,0,0,0,0,0,0,0,0,0,0,0,0,0,0,8056.991472763016,8056.991472763016,8056.991472763016,0,0,0,7960.293755635876,36951.00926344744,14484.306945960952,14484.306945960952,22541.298418723967
2020-03-07T00:00:00Z,15812.115416909886,2552.073411563829,2552.073411563829,2552.073411563829,0,0,0,0,0,0,0,0,0,0,0,0,0,0,0,0,0,0,0,0,0,0,0,0,0,0,0,0,0,0,0,0,0,0,0,0,2552.073411563829,2552.073411563829,2552.073411563829,0,0,0,3327.3099875714943,33300.277505564176,15812.115416909886,15812.115416909886,18364.188828473714
2020-03-08T00:00:00Z,17139.923887858826,-8144.074569287649,-8144.074569287649,-8144.074569287649,0,0,0,0,0,0,0,0,0,0,0,0,0,0,0,0,0,0,0,0,0,0,0,0,0,0,0,0,0,0,0,0,0,0,0,0,-8144.074569287649,-8144.074569287649,-8144.074569287649,0,0,0,-6850.179622943941,24963.41249434985,17139.923887858826,17139.923887858826,8995.849318571178
2020-03-09T00:00:00Z,18467.73235880776,-11624.101434306142,-11624.101434306142,-11624.101434306142,0,0,0,0,0,0,0,0,0,0,0,0,0,0,0,0,0,0,0,0,0,0,0,0,0,0,0,0,0,0,0,0,0,0,0,0,-11624.101434306142,-11624.101434306142,-11624.101434306142,0,0,0,-8013.663817687033,21824.61151328351,18467.73235880776,18467.73235880776,6843.630924501618
2020-03-10T00:00:00Z,19795.540829756694,-2087.516490356978,-2087.516490356978,-2087.516490356978,0,0,0,0,0,0,0,0,0,0,0,0,0,0,0,0,0,0,0,0,0,0,0,0,0,0,0,0,0,0,0,0,0,0,0,0,-2087.516490356978,-2087.516490356978,-2087.516490356978,0,0,0,2079.7879028397097,33386.779910973164,19795.540829756694,19795.540829756694,17708.024339399715
2020-03-11T00:00:00Z,21433.40985210015,3550.6262555021353,3550.6262555021353,3550.6262555021353,0,0,0,0,0,0,0,0,0,0,0,0,0,0,0,0,0,0,0,0,0,0,0,0,0,0,0,0,0,0,0,0,0,0,0,0,3550.6262555021353,3550.6262555021353,3550.6262555021353,0,0,0,9113.780135106043,40522.589097673655,21433.40985210015,21433.40985210015,24984.036107602285
2020-03-12T00:00:00Z,23071.278874443626,7696.001354117943,7696.001354117943,7696.001354117943,0,0,0,0,0,0,0,0,0,0,0,0,0,0,0,0,0,0,0,0,0,0,0,0,0,0,0,0,0,0,0,0,0,0,0,0,7696.001354117943,7696.001354117943,7696.001354117943,0,0,0,15670.795362174622,47031.55497841517,23071.278874443626,23071.278874443626,30767.28022856157
2020-03-13T00:00:00Z,24709.147896787083,8056.991472768252,8056.991472768252,8056.991472768252,0,0,0,0,0,0,0,0,0,0,0,0,0,0,0,0,0,0,0,0,0,0,0,0,0,0,0,0,0,0,0,0,0,0,0,0,8056.991472768252,8056.991472768252,8056.991472768252,0,0,0,18349.378251055994,47501.14941920272,24709.147896787083,24709.147896787083,32766.139369555334
2020-03-14T00:00:00Z,26347.01691913054,2552.0734115604287,2552.0734115604287,2552.0734115604287,0,0,0,0,0,0,0,0,0,0,0,0,0,0,0,0,0,0,0,0,0,0,0,0,0,0,0,0,0,0,0,0,0,0,0,0,2552.0734115604287,2552.0734115604287,2552.0734115604287,0,0,0,14110.734072268797,42951.73978559686,26347.01691913054,26347.01691913054,28899.090330690968
2020-03-15T00:00:00Z,27984.885941474015,-8144.074569293209,-8144.074569293209,-8144.074569293209,0,0,0,0,0,0,0,0,0,0,0,0,0,0,0,0,0,0,0,0,0,0,0,0,0,0,0,0,0,0,0,0,0,0,0,0,-8144.074569293209,-8144.074569293209,-8144.074569293209,0,0,0,4443.680924802052,34120.48416174035,27984.885941474015,27984.885941474015,19840.811372180804
2020-03-16T00:00:00Z,29622.75496381747,-11624.101434303631,-11624.101434303631,-11624.101434303631,0,0,0,0,0,0,0,0,0,0,0,0,0,0,0,0,0,0,0,0,0,0,0,0,0,0,0,0,0,0,0,0,0,0,0,0,-11624.101434303631,-11624.101434303631,-11624.101434303631,0,0,0,2605.75195834382,33290.86946740647,29622.75496381747,29622.75496381747,17998.65352951384
2020-03-17T00:00:00Z,31260.624106372154,-2087.5164903507034,-2087.5164903507034,-2087.5164903507034,0,0,0,0,0,0,0,0,0,0,0,0,0,0,0,0,0,0,0,0,0,0,0,0,0,0,0,0,0,0,0,0,0,0,0,0,-2087.5164903507034,-2087.5164903507034,-2087.5164903507034,0,0,0,14413.650570651396,44292.586432932425,31260.624106372154,31260.624106372154,29173.10761602145
2020-03-18T00:00:00Z,32898.493248926825,3550.6262555056355,3550.6262555056355,3550.6262555056355,0,0,0,0,0,0,0,0,0,0,0,0,0,0,0,0,0,0,0,0,0,0,0,0,0,0,0,0,0,0,0,0,0,0,0,0,3550.6262555056355,3550.6262555056355,3550.6262555056355,0,0,0,22093.124831066227,52020.983723949306,32898.493248926825,32898.493248926825,36449.11950443246
2020-03-19T00:00:00Z,34536.3623914815,7696.001354122379,7696.001354122379,7696.001354122379,0,0,0,0,0,0,0,0,0,0,0,0,0,0,0,0,0,0,0,0,0,0,0,0,0,0,0,0,0,0,0,0,0,0,0,0,7696.001354122379,7696.001354122379,7696.001354122379,0,0,0,26740.38176941658,56366.13078874894,34536.3623914815,34536.3623914815,42232.363745603885
2020-03-20T00:00:00Z,36174.231534036204,8056.991472768274,8056.991472768274,8056.991472768274,0,0,0,0,0,0,0,0,0,0,0,0,0,0,0,0,0,0,0,0,0,0,0,0,0,0,0,0,0,0,0,0,0,0,0,0,8056.991472768274,8056.991472768274,8056.991472768274,0,0,0,28689.56468004674,59257.60367135978,36174.231534036204,36174.231534036204,44231.22300680448
2020-03-21T00:00:00Z,37812.100676590875,2552.073411551667,2552.073411551667,2552.073411551667,0,0,0,0,0,0,0,0,0,0,0,0,0,0,0,0,0,0,0,0,0,0,0,0,0,0,0,0,0,0,0,0,0,0,0,0,2552.073411551667,2552.073411551667,2552.073411551667,0,0,0,25841.838768195354,56207.99112348766,37812.100676590875,37812.100676590875,40364.17408814254
2020-03-22T00:00:00Z,39449.96981914557,-8144.074569298769,-8144.074569298769,-8144.074569298769,0,0,0,0,0,0,0,0,0,0,0,0,0,0,0,0,0,0,0,0,0,0,0,0,0,0,0,0,0,0,0,0,0,0,0,0,-8144.074569298769,-8144.074569298769,-8144.074569298769,0,0,0,15257.248133063375,45990.07003842605,39449.96981914557,39449.96981914557,31305.8952498468
2020-03-23T00:00:00Z,41087.838980953165,-11624.101434298009,-11624.101434298009,-11624.101434298009,0,0,0,0,0,0,0,0,0,0,0,0,0,0,0,0,0,0,0,0,0,0,0,0,0,0,0,0,0,0,0,0,0,0,0,0,-11624.101434298009,-11624.101434298009,-11624.101434298009,0,0,0,15205.861009321583,44235.988954806686,41087.838980953165,41087.838980953165,29463.737546655157
2020-03-24T00:00:00Z,42725.70814276075,-2087.5164903426266,-2087.5164903426266,-2087.5164903426266,0,0,0,0,0,0,0,0,0,0,0,0,0,0,0,0,0,0,0,0,0,0,0,0,0,0,0,0,0,0,0,0,0,0,0,0,-2087.5164903426266,-2087.5164903426266,-2087.5164903426266,0,0,0,25504.094274319144,55832.50661140503,42725.70814276075,42725.70814276075,40638.19165241812
2020-03-25T00:00:00Z,44363.577304568345,3550.6262554902387,3550.6262554902387,3550.6262554902387,0,0,0,0,0,0,0,0,0,0,0,0,0,0,0,0,0,0,0,0,0,0,0,0,0,0,0,0,0,0,0,0,0,0,0,0,3550.6262554902387,3550.6262554902387,3550.6262554902387,0,0,0,33469.31719796346,63383.29994587553,44363.577304568345,44363.577304568345,47914.20356005858
2020-03-26T00:00:00Z,46001.44646637592,7696.001354119663,7696.001354119663,7696.001354119663,0,0,0,0,0,0,0,0,0,0,0,0,0,0,0,0,0,0,0,0,0,0,0,0,0,0,0,0,0,0,0,0,0,0,0,0,7696.001354119663,7696.001354119663,7696.001354119663,0,0,0,37143.0369720646,67923.25784446832,46001.44646637592,46001.44646637592,53697.44782049558
2020-03-27T00:00:00Z,47639.31562818352,8056.991472768549,8056.991472768549,8056.991472768549,0,0,0,0,0,0,0,0,0,0,0,0,0,0,0,0,0,0,0,0,0,0,0,0,0,0,0,0,0,0,0,0,0,0,0,0,8056.991472768549,8056.991472768549,8056.991472768549,0,0,0,40173.63839839931,71421.00544070065,47639.31562818352,47639.31562818352,55696.307100952065
2020-03-28T00:00:00Z,49277.184789991115,2552.0734115429054,2552.0734115429054,2552.0734115429054,0,0,0,0,0,0,0,0,0,0,0,0,0,0,0,0,0,0,0,0,0,0,0,0,0,0,0,0,0,0,0,0,0,0,0,0,2552.0734115429054,2552.0734115429054,2552.0734115429054,0,0,0,37210.79133046561,67850.5366890939,49277.184789991115,49277.184789991115,51829.25820153402
2020-03-29T00:00:00Z,50915.053755271234,-8144.074569304329,-8144.074569304329,-8144.074569304329,0,0,0,0,0,0,0,0,0,0,0,0,0,0,0,0,0,0,0,0,0,0,0,0,0,0,0,0,0,0,0,0,0,0,0,0,-8144.074569304329,-8144.074569304329,-8144.074569304329,0,0,0,28745.156318449237,58343.07971981274,50915.053755271234,50915.053755271234,42770.979185966906
2020-03-30T00:00:00Z,52552.92272055135,-11624.101434298604,-11624.101434298604,-11624.101434298604,0,0,0,0,0,0,0,0,0,0,0,0,0,0,0,0,0,0,0,0,0,0,0,0,0,0,0,0,0,0,0,0,0,0,0,0,-11624.101434298604,-11624.101434298604,-11624.101434298604,0,0,0,26219.79270674538,55381.408696226245,52552.92272055135,52552.92272055135,40928.82128625275
2020-03-31T00:00:00Z,54190.79168583148,-2087.516490374739,-2087.516490374739,-2087.516490374739,0,0,0,0,0,0,0,0,0,0,0,0,0,0,0,0,0,0,0,0,0,0,0,0,0,0,0,0,0,0,0,0,0,0,0,0,-2087.516490374739,-2087.516490374739,-2087.516490374739,0,0,0,36824.90212386945,67606.82594320047,54190.79168583148,54190.79168583148,52103.275195456736
2020-04-01T00:00:00Z,55828.6606511116,3550.626255493737,3550.626255493737,3550.626255493737,0,0,0,0,0,0,0,0,0,0,0,0,0,0,0,0,0,0,0,0,0,0,0,0,0,0,0,0,0,0,0,0,0,0,0,0,3550.626255493737,3550.626255493737,3550.626255493737,0,0,0,44697.53669712033,74422.54764260672,55828.6606511116,55828.6606511116,59379.28690660533
2020-04-02T00:00:00Z,57466.52961639173,7696.0013541241,7696.0013541241,7696.0013541241,0,0,0,0,0,0,0,0,0,0,0,0,0,0,0,0,0,0,0,0,0,0,0,0,0,0,0,0,0,0,0,0,0,0,0,0,7696.0013541241,7696.0013541241,7696.0013541241,0,0,0,49427.8074232686,79368.38928540917,57466.52961639173,57466.52961639173,65162.53097051583
2020-04-03T00:00:00Z,59104.39858167185,8056.9914727638625,8056.9914727638625,8056.9914727638625,0,0,0,0,0,0,0,0,0,0,0,0,0,0,0,0,0,0,0,0,0,0,0,0,0,0,0,0,0,0,0,0,0,0,0,0,8056.9914727638625,8056.9914727638625,8056.9914727638625,0,0,0,52192.49536600692,82825.36398890385,59104.39858167185,59104.39858167185,67161.39005443572
2020-04-04T00:00:00Z,60522.91163344739,2552.073411575676,2552.073411575676,2552.073411575676,0,0,0,0,0,0,0,0,0,0,0,0,0,0,0,0,0,0,0,0,0,0,0,0,0,0,0,0,0,0,0,0,0,0,0,0,2552.073411575676,2552.073411575676,2552.073411575676,0,0,0,48049.679035078974,77981.61639305891,60522.91163344739,60522.91163344739,63074.985045023066
2020-04-05T00:00:00Z,61941.42468522294,-8144.074569278075,-8144.074569278075,-8144.074569278075,0,0,0,0,0,0,0,0,0,0,0,0,0,0,0,0,0,0,0,0,0,0,0,0,0,0,0,0,0,0,0,0,0,0,0,0,-8144.074569278075,-8144.074569278075,-8144.074569278075,0,0,0,39025.680331892436,68816.84765565959,61941.42468522294,61941.42468522294,53797.350115944864
2020-04-06T00:00:00Z,63359.93773699848,-11624.101434292983,-11624.101434292983,-11624.101434292983,0,0,0,0,0,0,0,0,0,0,0,0,0,0,0,0,0,0,0,0,0,0,0,0,0,0,0,0,0,0,0,0,0,0,0,0,-11624.101434292983,-11624.101434292983,-11624.101434292983,0,0,0,36510.98989631781,67629.7366729206,63359.93773699848,63359.93773699848,51735.836302705495
2020-04-07T00:00:00Z,64778.45078877403,-2087.5164903675627,-2087.5164903675627,-2087.5164903675627,0,0,0,0,0,0,0,0,0,0,0,0,0,0,0,0,0,0,0,0,0,0,0,0,0,0,0,0,0,0,0,0,0,0,0,0,-2087.5164903675627,-2087.5164903675627,-2087.5164903675627,0,0,0,47223.85678151887,76756.66193222265,64778.45078877403,64778.45078877403,62690.93429840647
2020-04-08T00:00:00Z,66196.96384054958,3550.6262554972373,3550.6262554972373,3550.6262554972373,0,0,0,0,0,0,0,0,0,0,0,0,0,0,0,0,0,0,0,0,0,0,0,0,0,0,0,0,0,0,0,0,0,0,0,0,3550.6262554972373,3550.6262554972373,3550.6262554972373,0,0,0,53999.16935557711,84032.30172234293,66196.96384054958,66196.96384054958,69747.59009604681
2020-04-09T00:00:00Z,67197.72209746062,7696.001354124963,7696.001354124963,7696.001354124963,0,0,0,0,0,0,0,0,0,0,0,0,0,0,0,0,0,0,0,0,0,0,0,0,0,0,0,0,0,0,0,0,0,0,0,0,7696.001354124963,7696.001354124963,7696.001354124963,0,0,0,58927.61859937678,88544.51763822767,67197.72209746062,67197.72209746062,74893.72345158558
2020-04-10T00:00:00Z,68198.48035437163,8056.991472769096,8056.991472769096,8056.991472769096,0,0,0,0,0,0,0,0,0,0,0,0,0,0,0,0,0,0,0,0,0,0,0,0,0,0,0,0,0,0,0,0,0,0,0,0,8056.991472769096,8056.991472769096,8056.991472769096,0,0,0,61897.31332749946,90877.67246101698,68198.48035437163,68198.48035437163,76255.47182714072
2020-04-11T00:00:00Z,69199.23861128265,2552.0734115722753,2552.0734115722753,2552.0734115722753,0,0,0,0,0,0,0,0,0,0,0,0,0,0,0,0,0,0,0,0,0,0,0,0,0,0,0,0,0,0,0,0,0,0,0,0,2552.0734115722753,2552.0734115722753,2552.0734115722753,0,0,0,57630.19667700637,85637.66572165865,69199.23861128265,69199.23861128265,71751.31202285492
2020-04-12T00:00:00Z,70199.99686819369,-8144.074569278934,-8144.074569278934,-8144.074569278934,0,0,0,0,0,0,0,0,0,0,0,0,0,0,0,0,0,0,0,0,0,0,0,0,0,0,0,0,0,0,0,0,0,0,0,0,-8144.074569278934,-8144.074569278934,-8144.074569278934,0,0,0,46825.61102049662,77312.47118451889,70199.99686819369,70199.99686819369,62055.92229891475
2020-04-13T00:00:00Z,71200.7551251047,-11624.101434287366,-11624.101434287366,-11624.101434287366,0,0,0,0,0,0,0,0,0,0,0,0,0,0,0,0,0,0,0,0,0,0,0,0,0,0,0,0,0,0,0,0,0,0,0,0,-11624.101434287366,-11624.101434287366,-11624.101434287366,0,0,0,43813.31759851695,74534.93806424587,71200.7551251047,71200.7551251047,59576.65369081733
2020-04-14T00:00:00Z,72201.51338201572,-2087.5164903603886,-2087.5164903603886,-2087.5164903603886,0,0,0,0,0,0,0,0,0,0,0,0,0,0,0,0,0,0,0,0,0,0,0,0,0,0,0,0,0,0,0,0,0,0,0,0,-2087.5164903603886,-2087.5164903603886,-2087.5164903603886,0,0,0,54617.028664414225,85404.57759038417,72201.51338201572,72201.51338201572,70113.99689165533
2020-04-15T00:00:00Z,72999.19345737061,3550.6262555007374,3550.6262555007374,3550.6262555007374,0,0,0,0,0,0,0,0,0,0,0,0,0,0,0,0,0,0,0,0,0,0,0,0,0,0,0,0,0,0,0,0,0,0,0,0,3550.6262555007374,3550.6262555007374,3550.6262555007374,0,0,0,60297.94302898326,92098.45852528833,72999.19345737061,72999.19345737061,76549.81971287135
2020-04-16T00:00:00Z,73796.87353272551,7696.001354116597,7696.001354116597,7696.001354116597,0,0,0,0,0,0,0,0,0,0,0,0,0,0,0,0,0,0,0,0,0,0,0,0,0,0,0,0,0,0,0,0,0,0,0,0,7696.001354116597,7696.001354116597,7696.001354116597,0,0,0,65613.10267687365,97092.84868156664,73796.87353272551,73796.87353272551,81492.87488684211
2020-04-17T00:00:00Z,74594.5536080804,8056.991472764409,8056.991472764409,8056.991472764409,0,0,0,0,0,0,0,0,0,0,0,0,0,0,0,0,0,0,0,0,0,0,0,0,0,0,0,0,0,0,0,0,0,0,0,0,8056.991472764409,8056.991472764409,8056.991472764409,0,0,0,67477.56578948717,97371.70362623765,74594.5536080804,74594.5536080804,82651.54508084481
2020-04-18T00:00:00Z,75392.2336834353,2552.073411558153,2552.073411558153,2552.073411558153,0,0,0,0,0,0,0,0,0,0,0,0,0,0,0,0,0,0,0,0,0,0,0,0,0,0,0,0,0,0,0,0,0,0,0,0,2552.073411558153,2552.073411558153,2552.073411558153,0,0,0,62589.333773745195,93553.76911043854,75392.2336834353,75392.2336834353,77944.30709499346
2020-04-19T00:00:00Z,76189.91375879021,-8144.074569289195,-8144.074569289195,-8144.074569289195,0,0,0,0,0,0,0,0,0,0,0,0,0,0,0,0,0,0,0,0,0,0,0,0,0,0,0,0,0,0,0,0,0,0,0,0,-8144.074569289195,-8144.074569289195,-8144.074569289195,0,0,0,52808.545169876685,83164.07703012701,76189.91375879021,76189.91375879021,68045.83918950101
2020-04-20T00:00:00Z,76987.5938341451,-11624.101434284852,-11624.101434284852,-11624.101434284852,0,0,0,0,0,0,0,0,0,0,0,0,0,0,0,0,0,0,0,0,0,0,0,0,0,0,0,0,0,0,0,0,0,0,0,0,-11624.101434284852,-11624.101434284852,-11624.101434284852,0,0,0,50189.286582229644,80269.83626220451,76987.5938341451,76987.5938341451,65363.492399860246
2020-04-21T00:00:00Z,77785.27390613266,-2087.5164903916,-2087.5164903916,-2087.5164903916,0,0,0,0,0,0,0,0,0,0,0,0,0,0,0,0,0,0,0,0,0,0,0,0,0,0,0,0,0,0,0,0,0,0,0,0,-2087.5164903916,-2087.5164903916,-2087.5164903916,0,0,0,59352.54329531996,90436.44143093236,77785.27390613266,77785.27390613266,75697.75741574106
2020-04-22T00:00:00Z,78582.95397812022,3550.626255502751,3550.626255502751,3550.626255502751,0,0,0,0,0,0,0,0,0,0,0,0,0,0,0,0,0,0,0,0,0,0,0,0,0,0,0,0,0,0,0,0,0,0,0,0,3550.626255502751,3550.626255502751,3550.626255502751,0,0,0,68588.97780793019,97854.3874396394,78582.95397812022,78582.95397812022,82133.58023362297
2020-04-23T00:00:00Z,79380.63405010778,7696.001354117457,7696.001354117457,7696.001354117457,0,0,0,0,0,0,0,0,0,0,0,0,0,0,0,0,0,0,0,0,0,0,0,0,0,0,0,0,0,0,0,0,0,0,0,0,7696.001354117457,7696.001354117457,7696.001354117457,0,0,0,71976.80551496988,102349.03697425502,79380.63405010778,79380.63405010778,87076.63540422524
2020-04-24T00:00:00Z,80178.31412209534,8056.991472759724,8056.991472759724,8056.991472759724,0,0,0,0,0,0,0,0,0,0,0,0,0,0,0,0,0,0,0,0,0,0,0,0,0,0,0,0,0,0,0,0,0,0,0,0,8056.991472759724,8056.991472759724,8056.991472759724,0,0,0,74373.16025493036,104057.97101138868,80178.31412209534,80178.31412209534,88235.30559485506
2020-04-25T00:00:00Z,80975.99419408292,2552.0734115547525,2552.0734115547525,2552.0734115547525,0,0,0,0,0,0,0,0,0,0,0,0,0,0,0,0,0,0,0,0,0,0,0,0,0,0,0,0,0,0,0,0,0,0,0,0,2552.0734115547525,2552.0734115547525,2552.0734115547525,0,0,0,68818.4101524926,99025.17011247919,80975.99419408292,80975.99419408292,83528.06760563767
2020-04-26T00:00:00Z,81773.67426607046,-8144.074569294754,-8144.074569294754,-8144.074569294754,0,0,0,0,0,0,0,0,0,0,0,0,0,0,0,0,0,0,0,0,0,0,0,0,0,0,0,0,0,0,0,0,0,0,0,0,-8144.074569294754,-8144.074569294754,-8144.074569294754,0,0,0,58000.28508656184,88448.77051114869,81773.67426607046,81773.67426607046,73629.59969677571
2020-04-27T00:00:00Z,82571.35434514389,-11624.101434300073,-11624.101434300073,-11624.101434300073,0,0,0,0,0,0,0,0,0,0,0,0,0,0,0,0,0,0,0,0,0,0,0,0,0,0,0,0,0,0,0,0,0,0,0,0,-11624.101434300073,-11624.101434300073,-11624.101434300073,0,0,0,55895.150800101816,85891.36040458229,82571.35434514389,82571.35434514389,70947.25291084382
2020-04-28T00:00:00Z,83369.03442421729,-2087.5164903853265,-2087.5164903853265,-2087.5164903853265,0,0,0,0,0,0,0,0,0,0,0,0,0,0,0,0,0,0,0,0,0,0,0,0,0,0,0,0,0,0,0,0,0,0,0,0,-2087.5164903853265,-2087.5164903853265,-2087.5164903853265,0,0,0,66395.06221645414,95773.96570764996,83369.03442421729,83369.03442421729,81281.51793383196
2020-04-29T00:00:00Z,84166.7145032907,3550.626255507736,3550.626255507736,3550.626255507736,0,0,0,0,0,0,0,0,0,0,0,0,0,0,0,0,0,0,0,0,0,0,0,0,0,0,0,0,0,0,0,0,0,0,0,0,3550.626255507736,3550.626255507736,3550.626255507736,0,0,0,72778.48152275552,102675.08395424226,84166.7145032907,84166.7145032907,87717.34075879844
2020-04-30T00:00:00Z,84964.39458236413,7696.001354121896,7696.001354121896,7696.001354121896,0,0,0,0,0,0,0,0,0,0,0,0,0,0,0,0,0,0,0,0,0,0,0,0,0,0,0,0,0,0,0,0,0,0,0,0,7696.001354121896,7696.001354121896,7696.001354121896,0,0,0,77805.63503056312,108137.29904989128,84964.39458236413,84964.39458236413,92660.39593648602
2020-05-01T00:00:00Z,85762.07466143754,8056.991472769668,8056.991472769668,8056.991472769668,0,0,0,0,0,0,0,0,0,0,0,0,0,0,0,0,0,0,0,0,0,0,0,0,0,0,0,0,0,0,0,0,0,0,0,0,8056.991472769668,8056.991472769668,8056.991472769668,0,0,0,79081.83110385117,107736.508703799,85762.07466143754,85762.07466143754,93819.06613420721
2020-05-02T00:00:00Z,86559.75474051097,2552.0734115875234,2552.0734115875234,2552.0734115875234,0,0,0,0,0,0,0,0,0,0,0,0,0,0,0,0,0,0,0,0,0,0,0,0,0,0,0,0,0,0,0,0,0,0,0,0,2552.0734115875234,2552.0734115875234,2552.0734115875234,0,0,0,73871.1647259682,104804.52949868537,86559.75474051097,86559.75474051097,89111.82815209849
2020-05-03T00:00:00Z,87357.4348170309,-8144.074569300315,-8144.074569300315,-8144.074569300315,0,0,0,0,0,0,0,0,0,0,0,0,0,0,0,0,0,0,0,0,0,0,0,0,0,0,0,0,0,0,0,0,0,0,0,0,-8144.074569300315,-8144.074569300315,-8144.074569300315,0,0,0,64471.31376518695,94846.29785204373,87357.4348170309,87357.4348170309,79213.36024773058
2020-05-04T00:00:00Z,88155.11489355082,-11624.10143429756,-11624.10143429756,-11624.10143429756,0,0,0,0,0,0,0,0,0,0,0,0,0,0,0,0,0,0,0,0,0,0,0,0,0,0,0,0,0,0,0,0,0,0,0,0,-11624.10143429756,-11624.10143429756,-11624.10143429756,0,0,0,62029.5711048322,91724.61305317022,88155.11489355082,88155.11489355082,76531.01345925327
2020-05-05T00:00:00Z,88952.79497007077,-2087.51649037725,-2087.51649037725,-2087.51649037725,0,0,0,0,0,0,0,0,0,0,0,0,0,0,0,0,0,0,0,0,0,0,0,0,0,0,0,0,0,0,0,0,0,0,0,0,-2087.51649037725,-2087.51649037725,-2087.51649037725,0,0,0,70738.90160867451,102023.67785429303,88952.79497007077,88952.79497007077,86865.27847969352
2020-05-06T00:00:00Z,89750.4750465907,3550.6262555097496,3550.6262555097496,3550.6262555097496,0,0,0,0,0,0,0,0,0,0,0,0,0,0,0,0,0,0,0,0,0,0,0,0,0,0,0,0,0,0,0,0,0,0,0,0,3550.6262555097496,3550.6262555097496,3550.6262555097496,0,0,0,78451.49160231242,108285.38662221233,89750.4750465907,89750.4750465907,93301.10130210045
2020-05-07T00:00:00Z,90548.15512311064,7696.001354122757,7696.001354122757,7696.001354122757,0,0,0,0,0,0,0,0,0,0,0,0,0,0,0,0,0,0,0,0,0,0,0,0,0,0,0,0,0,0,0,0,0,0,0,0,7696.001354122757,7696.001354122757,7696.001354122757,0,0,0,82282.4596378782,113368.55774297476,90548.15512311064,90548.15512311064,98244.1564772334
2020-05-08T00:00:00Z,91345.83519963056,8056.991472764982,8056.991472764982,8056.991472764982,0,0,0,0,0,0,0,0,0,0,0,0,0,0,0,0,0,0,0,0,0,0,0,0,0,0,0,0,0,0,0,0,0,0,0,0,8056.991472764982,8056.991472764982,8056.991472764982,0,0,0,84332.22583860015,114235.31631565782,91345.83519963056,91345.83519963056,99402.82667239555
2020-05-09T00:00:00Z,92143.52080745823,2552.0734115841224,2552.0734115841224,2552.0734115841224,0,0,0,0,0,0,0,0,0,0,0,0,0,0,0,0,0,0,0,0,0,0,0,0,0,0,0,0,0,0,0,0,0,0,0,0,2552.0734115841224,2552.0734115841224,2552.0734115841224,0,0,0,78859.87427227065,108994.60125515258,92143.52080745823,92143.52080745823,94695.59421904235
2020-05-10T00:00:00Z,92941.2064152859,-8144.074569305876,-8144.074569305876,-8144.074569305876,0,0,0,0,0,0,0,0,0,0,0,0,0,0,0,0,0,0,0,0,0,0,0,0,0,0,0,0,0,0,0,0,0,0,0,0,-8144.074569305876,-8144.074569305876,-8144.074569305876,0,0,0,69678.58944162178,99450.73092016648,92941.2064152859,92941.2064152859,84797.13184598002
2020-05-11T00:00:00Z,93738.89202311356,-11624.101434291939,-11624.101434291939,-11624.101434291939,0,0,0,0,0,0,0,0,0,0,0,0,0,0,0,0,0,0,0,0,0,0,0,0,0,0,0,0,0,0,0,0,0,0,0,0,-11624.101434291939,-11624.101434291939,-11624.101434291939,0,0,0,68663.02462688492,97638.05095070007,93738.89202311356,93738.89202311356,82114.79058882162
2020-05-12T00:00:00Z,94536.57763094123,-2087.516490370976,-2087.516490370976,-2087.516490370976,0,0,0,0,0,0,0,0,0,0,0,0,0,0,0,0,0,0,0,0,0,0,0,0,0,0,0,0,0,0,0,0,0,0,0,0,-2087.516490370976,-2087.516490370976,-2087.516490370976,0,0,0,78284.900851206,106747.89127228258,94536.57763094123,94536.57763094123,92449.06114057025
2020-05-13T00:00:00Z,95334.26323876888,3550.6262554958384,3550.6262554958384,3550.6262554958384,0,0,0,0,0,0,0,0,0,0,0,0,0,0,0,0,0,0,0,0,0,0,0,0,0,0,0,0,0,0,0,0,0,0,0,0,3550.6262554958384,3550.6262554958384,3550.6262554958384,0,0,0,84471.90062310235,114113.92109360074,95334.26323876888,95334.26323876888,98884.88949426472
2020-05-14T00:00:00Z,96131.94884659654,7696.001354123617,7696.001354123617,7696.001354123617,0,0,0,0,0,0,0,0,0,0,0,0,0,0,0,0,0,0,0,0,0,0,0,0,0,0,0,0,0,0,0,0,0,0,0,0,7696.001354123617,7696.001354123617,7696.001354123617,0,0,0,89170.34493511403,118532.8044948217,96131.94884659654,96131.94884659654,103827.95020072015
2020-05-15T00:00:00Z,96942.82279083553,8056.991472765257,8056.991472765257,8056.991472765257,0,0,0,0,0,0,0,0,0,0,0,0,0,0,0,0,0,0,0,0,0,0,0,0,0,0,0,0,0,0,0,0,0,0,0,0,8056.991472765257,8056.991472765257,8056.991472765257,0,0,0,89928.4424604835,119437.26481955004,96942.82279083553,96942.82279083553,104999.81426360078
2020-05-16T00:00:00Z,97753.69673507451,2552.0734115700006,2552.0734115700006,2552.0734115700006,0,0,0,0,0,0,0,0,0,0,0,0,0,0,0,0,0,0,0,0,0,0,0,0,0,0,0,0,0,0,0,0,0,0,0,0,2552.0734115700006,2552.0734115700006,2552.0734115700006,0,0,0,86037.13190752607,115206.01486963086,97753.69673507451,97753.69673507451,100305.77014664451
2020-05-17T00:00:00Z,98564.5706793135,-8144.074569316134,-8144.074569316134,-8144.074569316134,0,0,0,0,0,0,0,0,0,0,0,0,0,0,0,0,0,0,0,0,0,0,0,0,0,0,0,0,0,0,0,0,0,0,0,0,-8144.074569316134,-8144.074569316134,-8144.074569316134,0,0,0,75504.93050634698,104304.73908224501,98564.5706793135,98564.5706793135,90420.49610999737
2020-05-18T00:00:00Z,99375.44462355248,-11624.101434310265,-11624.101434310265,-11624.101434310265,0,0,0,0,0,0,0,0,0,0,0,0,0,0,0,0,0,0,0,0,0,0,0,0,0,0,0,0,0,0,0,0,0,0,0,0,-11624.101434310265,-11624.101434310265,-11624.101434310265,0,0,0,72751.94466570352,101616.44089902575,99375.44462355248,99375.44462355248,87751.34318924221
2020-05-19T00:00:00Z,100186.31856779147,-2087.516490364702,-2087.516490364702,-2087.516490364702,0,0,0,0,0,0,0,0,0,0,0,0,0,0,0,0,0,0,0,0,0,0,0,0,0,0,0,0,0,0,0,0,0,0,0,0,-2087.516490364702,-2087.516490364702,-2087.516490364702,0,0,0,82501.46457140894,113261.15906426139,100186.31856779147,100186.31856779147,98098.80207742678
2020-05-20T00:00:00Z,100997.1925120305,3550.6262554993377,3550.6262554993377,3550.6262554993377,0,0,0,0,0,0,0,0,0,0,0,0,0,0,0,0,0,0,0,0,0,0,0,0,0,0,0,0,0,0,0,0,0,0,0,0,3550.6262554993377,3550.6262554993377,3550.6262554993377,0,0,0,89785.956473540107,119656.63226773198,100997.1925120305,100997.1925120305,104547.81876752984
2020-05-21T00:00:00Z,101988.49235761035,7696.001354124478,7696.001354124478,7696.001354124478,0,0,0,0,0,0,0,0,0,0,0,0,0,0,0,0,0,0,0,0,0,0,0,0,0,0,0,0,0,0,0,0,0,0,0,0,7696.001354124478,7696.001354124478,7696.001354124478,0,0,0,94886.51938515037,127559.22752773043,101988.49235761035,101988.49235761035,109684.49371173483
2020-05-22T00:00:00Z,102979.79220319023,8056.99147276553,8056.99147276553,8056.99147276553,0,0,0,0,0,0,0,0,0,0,0,0,0,0,0,0,0,0,0,0,0,0,0,0,0,0,0,0,0,0,0,0,0,0,0,0,8056.99147276553,8056.99147276553,8056.99147276553,0,0,0,95952.97703795915,126315.29862171625,102979.79220319023,102979.79220319023,111036.78367595575
2020-05-23T00:00:00Z,103971.09204877011,2552.073411566599,2552.073411566599,2552.073411566599,0,0,0,0,0,0,0,0,0,0,0,0,0,0,0,0,0,0,0,0,0,0,0,0,0,0,0,0,0,0,0,0,0,0,0,0,2552.073411566599,2552.073411566599,2552.073411566599,0,0,0,91401.82959656142,120258.624086015,103971.09204877011,103971.09204877011,106523.1654603367
2020-05-24T00:00:00Z,104962.39189434996,-8144.0745692851815,-8144.0745692851815,-8144.0745692851815,0,0,0,0,0,0,0,0,0,0,0,0,0,0,0,0,0,0,0,0,0,0,0,0,0,0,0,0,0,0,0,0,0,0,0,0,-8144.0745692851815,-8144.0745692851815,-8144.0745692851815,0,0,0,81947.50437632203,111200.0201665283,104962.39189434996,104962.39189434996,96818.31732506478
2020-05-25T00:00:00Z,105953.69173992984,-18595.700980966263,-18595.700980966263,-18595.700980966263,0,0,0,0,0,0,-6971.5995466616205,-6971.5995466616205,-6971.5995466616205,0,0,0,0,0,0,0,0,0,0,0,0,-6971.5995466616205,-6971.5995466616205,-6971.5995466616205,0,0,0,0,0,0,0,0,0,0,0,0,-11624.101434304644,-11624.101434304644,-11624.101434304644,0,0,0,72856.93622417268,102135.9454376676,105953.69173992984,105953.69173992984,87357.99075896357
2020-05-26T00:00:00Z,106944.99158550968,-2087.516490357528,-2087.516490357528,-2087.516490357528,0,0,0,0,0,0,0,0,0,0,0,0,0,0,0,0,0,0,0,0,0,0,0,0,0,0,0,0,0,0,0,0,0,0,0,0,-2087.516490357528,-2087.516490357528,-2087.516490357528,0,0,0,89825.72329656164,120484.68544499943,106944.99158550968,106944.99158550968,104857.47509515216
2020-05-27T00:00:00Z,108270.66651049152,3550.6262555028375,3550.6262555028375,3550.6262555028375,0,0,0,0,0,0,0,0,0,0,0,0,0,0,0,0,0,0,0,0,0,0,0,0,0,0,0,0,0,0,0,0,0,0,0,0,3550.6262555028375,3550.6262555028375,3550.6262555028375,0,0,0,97458.62250585848,126550.5933823098,108270.66651049152,108270.66651049152,111821.29276599435
2020-05-28T00:00:00Z,109596.34143547331,7696.001354119691,7696.001354119691,7696.001354119691,0,0,0,0,0,0,0,0,0,0,0,0,0,0,0,0,0,0,0,0,0,0,0,0,0,0,0,0,0,0,0,0,0,0,0,0,7696.001354119691,7696.001354119691,7696.001354119691,0,0,0,102803.40638222976,132630.71209326165,109596.34143547331,109596.34143547331,117292.342789593
2020-05-29T00:00:00Z,110922.0163604551,8056.991472770512,8056.991472770512,8056.991472770512,0,0,0,0,0,0,0,0,0,0,0,0,0,0,0,0,0,0,0,0,0,0,0,0,0,0,0,0,0,0,0,0,0,0,0,0,8056.991472770512,8056.991472770512,8056.991472770512,0,0,0,103846.7357061317,134670.1752282471,110922.0163604551,110922.0163604551,118979.00783322562
2020-05-30T00:00:00Z,112247.69128543693,2552.073411563199,2552.073411563199,2552.073411563199,0,0,0,0,0,0,0,0,0,0,0,0,0,0,0,0,0,0,0,0,0,0,0,0,0,0,0,0,0,0,0,0,0,0,0,0,2552.073411563199,2552.073411563199,2552.073411563199,0,0,0,99090.19783128133,129299.91610198321,112247.69128543693,112247.69128543693,114799.76469700012
2020-05-31T00:00:00Z,113573.36621041872,-8144.074569290742,-8144.074569290742,-8144.074569290742,0,0,0,0,0,0,0,0,0,0,0,0,0,0,0,0,0,0,0,0,0,0,0,0,0,0,0,0,0,0,0,0,0,0,0,0,-8144.074569290742,-8144.074569290742,-8144.074569290742,0,0,0,89514.01854301438,120385.99770230264,113573.36621041872,113573.36621041872,105429.29164112799
2020-06-01T00:00:00Z,114899.04113540052,-11624.101434302136,-11624.101434302136,-11624.101434302136,0,0,0,0,0,0,0,0,0,0,0,0,0,0,0,0,0,0,0,0,0,0,0,0,0,0,0,0,0,0,0,0,0,0,0,0,-11624.101434302136,-11624.101434302136,-11624.101434302136,0,0,0,88382.88575314636,118023.07293229301,114899.04113540052,114899.04113540052,103274.93970109838
2020-06-02T00:00:00Z,116580.04193040798,-2087.516490350353,-2087.516490350353,-2087.516490350353,0,0,0,0,0,0,0,0,0,0,0,0,0,0,0,0,0,0,0,0,0,0,0,0,0,0,0,0,0,0,0,0,0,0,0,0,-2087.516490350353,-2087.516490350353,-2087.516490350353,0,0,0,99235.99874354454,130108.86337601652,116580.04193040798,116580.04193040798,114492.52544005764
2020-06-03T00:00:00Z,118261.04272541542,3550.6262555048525,3550.6262555048525,3550.6262555048525,0,0,0,0,0,0,0,0,0,0,0,0,0,0,0,0,0,0,0,0,0,0,0,0,0,0,0,0,0,0,0,0,0,0,0,0,3550.6262555048525,3550.6262555048525,3550.6262555048525,0,0,0,105641.27879979066,136999.14590187854,118261.04272541542,118261.04272541542,121811.66898092028
2020-06-04T00:00:00Z,119942.04352042287,7696.001354116974,7696.001354116974,7696.001354116974,0,0,0,0,0,0,0,0,0,0,0,0,0,0,0,0,0,0,0,0,0,0,0,0,0,0,0,0,0,0,0,0,0,0,0,0,7696.001354116974,7696.001354116974,7696.001354116974,0,0,0,112584.01145830525,142227.73073672887,119942.04352042287,119942.04352042287,127638.04487453985
2020-06-05T00:00:00Z,121623.04431543034,8056.991472765827,8056.991472765827,8056.991472765827,0,0,0,0,0,0,0,0,0,0,0,0,0,0,0,0,0,0,0,0,0,0,0,0,0,0,0,0,0,0,0,0,0,0,0,0,8056.991472765827,8056.991472765827,8056.991472765827,0,0,0,115457.05269309584,145477.9972637398,121623.04431543034,121623.04431543034,129680.03578819617
2020-06-06T00:00:00Z,123304.0451104378,2552.0734115490764,2552.0734115490764,2552.0734115490764,0,0,0,0,0,0,0,0,0,0,0,0,0,0,0,0,0,0,0,0,0,0,0,0,0,0,0,0,0,0,0,0,0,0,0,0,2552.0734115490764,2552.0734115490764,2552.0734115490764,0,0,0,110574.97120365447,141175.82775802934,123304.0451104378,123304.0451104378,125856.11852198688
2020-06-07T00:00:00Z,124985.04590544522,-8144.0745692963,-8144.0745692963,-8144.0745692963,0,0,0,0,0,0,0,0,0,0,0,0,0,0,0,0,0,0,0,0,0,0,0,0,0,0,0,0,0,0,0,0,0,0,0,0,-8144.0745692963,-8144.0745692963,-8144.0745692963,0,0,0,101264.74929364557,131186.21260526052,124985.04590544522,124985.04590544522,116840.97133614893
2020-06-08T00:00:00Z,127095.47467944965,-11624.101434299622,-11624.101434299622,-11624.101434299622,0,0,0,0,0,0,0,0,0,0,0,0,0,0,0,0,0,0,0,0,0,0,0,0,0,0,0,0,0,0,0,0,0,0,0,0,-11624.101434299622,-11624.101434299622,-11624.101434299622,0,0,0,101278.76173748005,130834.6370675539,127095.47467944965,127095.47467944965,115471.37324515003
2020-06-09T00:00:00Z,129205.90345345414,-2087.516490381564,-2087.516490381564,-2087.516490381564,0,0,0,0,0,0,0,0,0,0,0,0,0,0,0,0,0,0,0,0,0,0,0,0,0,0,0,0,0,0,0,0,0,0,0,0,-2087.516490381564,-2087.516490381564,-2087.516490381564,0,0,0,112940.20241127323,143242.13569930693,129205.90345345414,129205.90345345414,127118.38696307258
2020-06-10T00:00:00Z,131316.33222745857,3550.6262555098374,3550.6262555098374,3550.6262555098374,0,0,0,0,0,0,0,0,0,0,0,0,0,0,0,0,0,0,0,0,0,0,0,0,0,0,0,0,0,0,0,0,0,0,0,0,3550.6262555098374,3550.6262555098374,3550.6262555098374,0,0,0,119978.00106873122,149797.95575358786,131316.33222745857,131316.33222745857,134866.95848296842
2020-06-11T00:00:00Z,133426.76100146305,7696.001354121412,7696.001354121412,7696.001354121412,0,0,0,0,0,0,0,0,0,0,0,0,0,0,0,0,0,0,0,0,0,0,0,0,0,0,0,0,0,0,0,0,0,0,0,0,7696.001354121412,7696.001354121412,7696.001354121412,0,0,0,125205.35184742344,156280.56913154738,133426.76100146305,133426.76100146305,141122.76235558445
2020-06-12T00:00:00Z,135537.18977546747,8056.991472766103,8056.991472766103,8056.991472766103,0,0,0,0,0,0,0,0,0,0,0,0,0,0,0,0,0,0,0,0,0,0,0,0,0,0,0,0,0,0,0,0,0,0,0,0,8056.991472766103,8056.991472766103,8056.991472766103,0,0,0,128416.59382109166,159239.65253491726,135537.18977546747,135537.18977546747,143594.18124823357
2020-06-13T00:00:00Z,137647.6185494719,2552.073411545676,2552.073411545676,2552.073411545676,0,0,0,0,0,0,0,0,0,0,0,0,0,0,0,0,0,0,0,0,0,0,0,0,0,0,0,0,0,0,0,0,0,0,0,0,2552.073411545676,2552.073411545676,2552.073411545676,0,0,0,126473.94030127669,155098.4100404057,137647.6185494719,137647.6185494719,140199.69196101758
2020-06-14T00:00:00Z,140155.32446020012,-8144.0745692700475,-8144.0745692700475,-8144.0745692700475,0,0,0,0,0,0,0,0,0,0,0,0,0,0,0,0,0,0,0,0,0,0,0,0,0,0,0,0,0,0,0,0,0,0,0,0,-8144.0745692700475,-8144.0745692700475,-8144.0745692700475,0,0,0,117083.8149443354,146708.72076741752,140155.32446020012,140155.32446020012,132011.24989093008
2020-06-15T00:00:00Z,142663.03037092832,-11624.10143429711,-11624.10143429711,-11624.10143429711,0,0,0,0,0,0,0,0,0,0,0,0,0,0,0,0,0,0,0,0,0,0,0,0,0,0,0,0,0,0,0,0,0,0,0,0,-11624.10143429711,-11624.10143429711,-11624.10143429711,0,0,0,115270.50631257523,146494.54950319236,142663.03037092832,142663.03037092832,131038.92893663122
2020-06-16T00:00:00Z,145170.73628165654,-2087.516490375289,-2087.516490375289,-2087.516490375289,0,0,0,0,0,0,0,0,0,0,0,0,0,0,0,0,0,0,0,0,0,0,0,0,0,0,0,0,0,0,0,0,0,0,0,0,-2087.516490375289,-2087.516490375289,-2087.516490375289,0,0,0,127729.00017985709,157577.01614172547,145170.73628165654,145170.73628165654,143083.21979128124
2020-06-17T00:00:00Z,147678.44219238474,3550.62625551185,3550.62625551185,3550.62625551185,0,0,0,0,0,0,0,0,0,0,0,0,0,0,0,0,0,0,0,0,0,0,0,0,0,0,0,0,0,0,0,0,0,0,0,0,3550.62625551185,3550.62625551185,3550.62625551185,0,0,0,135782.66129288296,166255.4757872176,147678.44219238474,147678.44219238474,151229.0684478966
2020-06-18T00:00:00Z,150186.14810311297,7696.001354122273,7696.001354122273,7696.001354122273,0,0,0,0,0,0,0,0,0,0,0,0,0,0,0,0,0,0,0,0,0,0,0,0,0,0,0,0,0,0,0,0,0,0,0,0,7696.001354122273,7696.001354122273,7696.001354122273,0,0,0,143276.62150406343,171952.75779458592,150186.14810311297,150186.14810311297,157882.14945723524
2020-06-19T00:00:00Z,152693.85401384116,8056.991472766377,8056.991472766377,8056.991472766377,0,0,0,0,0,0,0,0,0,0,0,0,0,0,0,0,0,0,0,0,0,0,0,0,0,0,0,0,0,0,0,0,0,0,0,0,8056.991472766377,8056.991472766377,8056.991472766377,0,0,0,145324.86270154995,176178.84086321853,152693.85401384116,152693.85401384116,160750.84548660755
2020-06-20T00:00:00Z,155384.11120462712,2552.073411578447,2552.073411578447,2552.073411578447,0,0,0,0,0,0,0,0,0,0,0,0,0,0,0,0,0,0,0,0,0,0,0,0,0,0,0,0,0,0,0,0,0,0,0,0,2552.073411578447,2552.073411578447,2552.073411578447,0,0,0,143889.99216120498,172757.08515780256,155384.11120462712,155384.11120462712,157936.18461620557
2020-06-21T00:00:00Z,158074.3683954131,-8144.074569270908,-8144.074569270908,-8144.074569270908,0,0,0,0,0,0,0,0,0,0,0,0,0,0,0,0,0,0,0,0,0,0,0,0,0,0,0,0,0,0,0,0,0,0,0,0,-8144.074569270908,-8144.074569270908,-8144.074569270908,0,0,0,134483.57007005025,165351.66784375472,158074.3683954131,158074.3683954131,149930.29382614218
2020-06-22T00:00:00Z,160764.62558619914,-11624.10143429149,-11624.10143429149,-11624.10143429149,0,0,0,0,0,0,0,0,0,0,0,0,0,0,0,0,0,0,0,0,0,0,0,0,0,0,0,0,0,0,0,0,0,0,0,0,-11624.10143429149,-11624.10143429149,-11624.10143429149,0,0,0,133599.81577417438,163827.42788228558,160764.62558619914,160764.62558619914,149140.52415190765
2020-06-23T00:00:00Z,163454.8827769851,-2087.516490367213,-2087.516490367213,-2087.516490367213,0,0,0,0,0,0,0,0,0,0,0,0,0,0,0,0,0,0,0,0,0,0,0,0,0,0,0,0,0,0,0,0,0,0,0,0,-2087.516490367213,-2087.516490367213,-2087.516490367213,0,0,0,146409.37351285157,176304.82278872794,163454.8827769851,163454.8827769851,161367.36628661788
2020-06-24T00:00:00Z,166145.139967771,3550.626255513865,3550.626255513865,3550.626255513865,0,0,0,0,0,0,0,0,0,0,0,0,0,0,0,0,0,0,0,0,0,0,0,0,0,0,0,0,0,0,0,0,0,0,0,0,3550.626255513865,3550.626255513865,3550.626255513865,0,0,0,154487.80175471315,186012.01104932686,166145.139967771,166145.139967771,169695.76622328488
2020-06-25T00:00:00Z,168835.39715855697,7696.001354113907,7696.001354113907,7696.001354113907,0,0,0,0,0,0,0,0,0,0,0,0,0,0,0,0,0,0,0,0,0,0,0,0,0,0,0,0,0,0,0,0,0,0,0,0,7696.001354113907,7696.001354113907,7696.001354113907,0,0,0,161589.46745523627,191542.47957256425,168835.39715855697,168835.39715855697,176531.3985126709
2020-06-26T00:00:00Z,171525.654349343,8056.991472766648,8056.991472766648,8056.991472766648,0,0,0,0,0,0,0,0,0,0,0,0,0,0,0,0,0,0,0,0,0,0,0,0,0,0,0,0,0,0,0,0,0,0,0,0,8056.991472766648,8056.991472766648,8056.991472766648,0,0,0,164357.97880265696,195416.20423325326,171525.654349343,171525.654349343,179582.64582210965
2020-06-27T00:00:00Z,174215.911540129,2552.073411569686,2552.073411569686,2552.073411569686,0,0,0,0,0,0,0,0,0,0,0,0,0,0,0,0,0,0,0,0,0,0,0,0,0,0,0,0,0,0,0,0,0,0,0,0,2552.073411569686,2552.073411569686,2552.073411569686,0,0,0,163194.2224573011,191177.34856718025,174215.911540129,174215.911540129,176767.9849516987
2020-06-28T00:00:00Z,176906.16873091494,-8144.074569281168,-8144.074569281168,-8144.074569281168,0,0,0,0,0,0,0,0,0,0,0,0,0,0,0,0,0,0,0,0,0,0,0,0,0,0,0,0,0,0,0,0,0,0,0,0,-8144.074569281168,-8144.074569281168,-8144.074569281168,0,0,0,154395.11191524158,183729.96508387776,176906.16873091494,176906.16873091494,168762.09416163378
2020-06-29T00:00:00Z,179596.42592170092,-11624.101434288978,-11624.101434288978,-11624.101434288978,0,0,0,0,0,0,0,0,0,0,0,0,0,0,0,0,0,0,0,0,0,0,0,0,0,0,0,0,0,0,0,0,0,0,0,0,-11624.101434288978,-11624.101434288978,-11624.101434288978,0,0,0,154386.45299488405,183810.87864111163,179596.42592170092,179596.42592170092,167972.32448741194
2020-06-30T00:00:00Z,182286.6831124869,-2087.5164903609384,-2087.5164903609384,-2087.5164903609384,0,0,0,0,0,0,0,0,0,0,0,0,0,0,0,0,0,0,0,0,0,0,0,0,0,0,0,0,0,0,0,0,0,0,0,0,-2087.5164903609384,-2087.5164903609384,-2087.5164903609384,0,0,0,165342.09710665123,196035.93168439416,182286.6831124869,182286.6831124869,180199.16662212598
2020-07-01T00:00:00Z,184976.94030327286,3550.626255499954,3550.626255499954,3550.626255499954,0,0,0,0,0,0,0,0,0,0,0,0,0,0,0,0,0,0,0,0,0,0,0,0,0,0,0,0,0,0,0,0,0,0,0,0,3550.626255499954,3550.626255499954,3550.626255499954,0,0,0,174009.19440293405,203265.24522557476,184976.94030327286,184976.94030327286,188527.5665587728
2020-07-02T00:00:00Z,187667.19749405884,7696.001354114768,7696.001354114768,7696.001354114768,0,0,0,0,0,0,0,0,0,0,0,0,0,0,0,0,0,0,0,0,0,0,0,0,0,0,0,0,0,0,0,0,0,0,0,0,7696.001354114768,7696.001354114768,7696.001354114768,0,0,0,179822.70813494685,210188.87137486285,187667.19749405884,187667.19749405884,195363.1988481736
2020-07-03T00:00:00Z,190357.45468484488,13067.4454125838,13067.4454125838,13067.4454125838,0,0,0,0,0,0,5010.453939821837,5010.453939821837,5010.453939821837,0,0,0,5010.453939821837,5010.453939821837,5010.453939821837,0,0,0,0,0,0,0,0,0,0,0,0,0,0,0,0,0,0,0,0,0,8056.991472761963,8056.991472761963,8056.991472761963,0,0,0,188790.64111335625,218149.066426807,190357.45468484488,190357.45468484488,203424.90009742868
2020-07-04T00:00:00Z,193047.71187563078,507.9104797389674,507.9104797389674,507.9104797389674,0,0,0,0,0,0,-2044.1629318219564,-2044.1629318219564,-2044.1629318219564,-2044.1629318219564,-2044.1629318219564,-2044.1629318219564,0,0,0,0,0,0,0,0,0,0,0,0,0,0,0,0,0,0,0,0,0,0,0,0,2552.073411560924,2552.073411560924,2552.073411560924,0,0,0,178505.91783002566,207438.45756725135,193047.71187563078,193047.71187563078,193555.62235536973
2020-07-05T00:00:00Z,195737.96906641676,-8144.074569291428,-8144.074569291428,-8144.074569291428,0,0,0,0,0,0,0,0,0,0,0,0,0,0,0,0,0,0,0,0,0,0,0,0,0,0,0,0,0,0,0,0,0,0,0,0,-8144.074569291428,-8144.074569291428,-8144.074569291428,0,0,0,172408.96320256186,203277.5353967233,195737.96906641676,195737.96906641676,187593.89449712532
2020-07-06T00:00:00Z,198428.2262572027,-11624.101434304199,-11624.101434304199,-11624.101434304199,0,0,0,0,0,0,0,0,0,0,0,0,0,0,0,0,0,0,0,0,0,0,0,0,0,0,0,0,0,0,0,0,0,0,0,0,-11624.101434304199,-11624.101434304199,-11624.101434304199,0,0,0,172692.6549295963,201297.4644561564,198428.2262572027,198428.2262572027,186804.1248228985
2020-07-07T00:00:00Z,201118.48344798875,-2087.5164903537648,-2087.5164903537648,-2087.5164903537648,0,0,0,0,0,0,0,0,0,0,0,0,0,0,0,0,0,0,0,0,0,0,0,0,0,0,0,0,0,0,0,0,0,0,0,0,-2087.5164903537648,-2087.5164903537648,-2087.5164903537648,0,0,0,184598.19706815644,213492.95674438475,201118.48344798875,201118.48344798875,199030.96695763498
2020-07-08T00:00:00Z,203808.74063877473,3550.6262555034523,3550.6262555034523,3550.6262555034523,0,0,0,0,0,0,0,0,0,0,0,0,0,0,0,0,0,0,0,0,0,0,0,0,0,0,0,0,0,0,0,0,0,0,0,0,3550.6262555034523,3550.6262555034523,3550.6262555034523,0,0,0,191770.22163771707,222935.01565679203,203808.74063877473,203808.74063877473,207359.36689427818
2020-07-09T00:00:00Z,206498.99782956063,7696.001354119207,7696.001354119207,7696.001354119207,0,0,0,0,0,0,0,0,0,0,0,0,0,0,0,0,0,0,0,0,0,0,0,0,0,0,0,0,0,0,0,0,0,0,0,0,7696.001354119207,7696.001354119207,7696.001354119207,0,0,0,199794.43442007896,229455.704716683,206498.99782956063,206498.99782956063,214194.99918367984
2020-07-10T00:00:00Z,209189.2550203466,8056.991472767198,8056.991472767198,8056.991472767198,0,0,0,0,0,0,0,0,0,0,0,0,0,0,0,0,0,0,0,0,0,0,0,0,0,0,0,0,0,0,0,0,0,0,0,0,8056.991472767198,8056.991472767198,8056.991472767198,0,0,0,202771.2602958962,232227.88159586198,209189.2550203466,209189.2550203466,217246.2464931138
2020-07-11T00:00:00Z,211879.51221113265,2552.0734115575237,2552.0734115575237,2552.0734115575237,0,0,0,0,0,0,0,0,0,0,0,0,0,0,0,0,0,0,0,0,0,0,0,0,0,0,0,0,0,0,0,0,0,0,0,0,2552.0734115575237,2552.0734115575237,2552.0734115575237,0,0,0,199890.7046413903,229919.3936674654,211879.51221113265,211879.51221113265,214431.58562269018
2020-07-12T00:00:00Z,214569.7694019186,-8144.0745692922865,-8144.0745692922865,-8144.0745692922865,0,0,0,0,0,0,0,0,0,0,0,0,0,0,0,0,0,0,0,0,0,0,0,0,0,0,0,0,0,0,0,0,0,0,0,0,-8144.0745692922865,-8144.0745692922865,-8144.0745692922865,0,0,0,192092.80251539598,221474.54958909986,214569.7694019186,214569.7694019186,206425.69483262632
2020-07-13T00:00:00Z,217260.02659270458,-11624.101434301687,-11624.101434301687,-11624.101434301687,0,0,0,0,0,0,0,0,0,0,0,0,0,0,0,0,0,0,0,0,0,0,0,0,0,0,0,0,0,0,0,0,0,0,0,0,-11624.101434301687,-11624.101434301687,-11624.101434301687,0,0,0,190261.742771089,220359.79714138465,217260.02659270458,217260.02659270458,205635.92515840288
2020-07-14T00:00:00Z,219950.28378349054,-2087.516490346589,-2087.516490346589,-2087.516490346589,0,0,0,0,0,0,0,0,0,0,0,0,0,0,0,0,0,0,0,0,0,0,0,0,0,0,0,0,0,0,0,0,0,0,0,0,-2087.516490346589,-2087.516490346589,-2087.516490346589,0,0,0,203556.14993410755,231842.2725031797,219950.28378349054,219950.28378349054,217862.76729314396
2020-07-15T00:00:00Z,222640.54097427652,3550.6262555069525,3550.6262555069525,3550.6262555069525,0,0,0,0,0,0,0,0,0,0,0,0,0,0,0,0,0,0,0,0,0,0,0,0,0,0,0,0,0,0,0,0,0,0,0,0,3550.6262555069525,3550.6262555069525,3550.6262555069525,0,0,0,211450.51407929402,242481.13467378504,222640.54097427652,222640.54097427652,226191.16722978346
2020-07-16T00:00:00Z,225330.7981650625,7696.001354123645,7696.001354123645,7696.001354123645,0,0,0,0,0,0,0,0,0,0,0,0,0,0,0,0,0,0,0,0,0,0,0,0,0,0,0,0,0,0,0,0,0,0,0,0,7696.001354123645,7696.001354123645,7696.001354123645,0,0,0,218006.10650434578,248221.7419641809,225330.7981650625,225330.7981650625,233026.79951918614
2020-07-17T00:00:00Z,228021.05535584845,8056.991472767221,8056.991472767221,8056.991472767221,0,0,0,0,0,0,0,0,0,0,0,0,0,0,0,0,0,0,0,0,0,0,0,0,0,0,0,0,0,0,0,0,0,0,0,0,8056.991472767221,8056.991472767221,8056.991472767221,0,0,0,222194.84415165626,251067.40367778004,228021.05535584845,228021.05535584845,236078.04682861568
2020-07-18T00:00:00Z,230711.3125466345,2552.073411590294,2552.073411590294,2552.073411590294,0,0,0,0,0,0,0,0,0,0,0,0,0,0,0,0,0,0,0,0,0,0,0,0,0,0,0,0,0,0,0,0,0,0,0,0,2552.073411590294,2552.073411590294,2552.073411590294,0,0,0,218424.3233803063,247536.12110026702,230711.3125466345,230711.3125466345,233263.3859582248
2020-07-19T00:00:00Z,233401.56973742048,-8144.074569302548,-8144.074569302548,-8144.074569302548,0,0,0,0,0,0,0,0,0,0,0,0,0,0,0,0,0,0,0,0,0,0,0,0,0,0,0,0,0,0,0,0,0,0,0,0,-8144.074569302548,-8144.074569302548,-8144.074569302548,0,0,0,209922.5465731699,238699.8023934004,233401.56973742048,233401.56973742048,225257.49516811792
2020-07-20T00:00:00Z,236091.82692820637,-11624.101434296064,-11624.101434296064,-11624.101434296064,0,0,0,0,0,0,0,0,0,0,0,0,0,0,0,0,0,0,0,0,0,0,0,0,0,0,0,0,0,0,0,0,0,0,0,0,-11624.101434296064,-11624.101434296064,-11624.101434296064,0,0,0,208852.17335954905,239133.73595347206,236091.82692820637,236091.82692820637,224467.72549391031
2020-07-21T00:00:00Z,238782.08411899235,-2087.516490339415,-2087.516490339415,-2087.516490339415,0,0,0,0,0,0,0,0,0,0,0,0,0,0,0,0,0,0,0,0,0,0,0,0,0,0,0,0,0,0,0,0,0,0,0,0,-2087.516490339415,-2087.516490339415,-2087.516490339415,0,0,0,222255.00701753612,251590.0733752341,238782.08411899235,238782.08411899235,236694.56762865293
2020-07-22T00:00:00Z,241472.3413097784,3550.6262554915565,3550.6262554915565,3550.6262554915565,0,0,0,0,0,0,0,0,0,0,0,0,0,0,0,0,0,0,0,0,0,0,0,0,0,0,0,0,0,0,0,0,0,0,0,0,3550.6262554915565,3550.6262554915565,3550.6262554915565,0,0,0,229420.61495379193,260042.9962681892,241472.3413097784,241472.3413097784,245022.96756526994
2020-07-23T00:00:00Z,244162.59850056435,7696.001354120927,7696.001354120927,7696.001354120927,0,0,0,0,0,0,0,0,0,0,0,0,0,0,0,0,0,0,0,0,0,0,0,0,0,0,0,0,0,0,0,0,0,0,0,0,7696.001354120927,7696.001354120927,7696.001354120927,0,0,0,236860.81767283127,267113.72245425434,244162.59850056435,244162.59850056435,251858.59985468528
2020-07-24T00:00:00Z,246852.85569135033,8056.991472767495,8056.991472767495,8056.991472767495,0,0,0,0,0,0,0,0,0,0,0,0,0,0,0,0,0,0,0,0,0,0,0,0,0,0,0,0,0,0,0,0,0,0,0,0,8056.991472767495,8056.991472767495,8056.991472767495,0,0,0,239394.42142401444,269290.888042295,246852.85569135033,246852.85569135033,254909.84716411782
2020-07-25T00:00:00Z,249543.11288213628,2552.073411581532,2552.073411581532,2552.073411581532,0,0,0,0,0,0,0,0,0,0,0,0,0,0,0,0,0,0,0,0,0,0,0,0,0,0,0,0,0,0,0,0,0,0,0,0,2552.073411581532,2552.073411581532,2552.073411581532,0,0,0,237296.4281581048,266528.28066415334,249543.11288213628,249543.11288213628,252095.18629371782
2020-07-26T00:00:00Z,252233.37007292226,-8144.074569308106,-8144.074569308106,-8144.074569308106,0,0,0,0,0,0,0,0,0,0,0,0,0,0,0,0,0,0,0,0,0,0,0,0,0,0,0,0,0,0,0,0,0,0,0,0,-8144.074569308106,-8144.074569308106,-8144.074569308106,0,0,0,230089.00192699378,259279.12726360754,252233.37007292226,252233.37007292226,244089.29550361415
2020-07-27T00:00:00Z,254923.62726370824,-11624.101434296665,-11624.101434296665,-11624.101434296665,0,0,0,0,0,0,0,0,0,0,0,0,0,0,0,0,0,0,0,0,0,0,0,0,0,0,0,0,0,0,0,0,0,0,0,0,-11624.101434296665,-11624.101434296665,-11624.101434296665,0,0,0,227901.37483024673,258445.1821816253,254923.62726370824,254923.62726370824,243299.52582941158
2020-07-28T00:00:00Z,257613.8844544942,-2087.5164903715263,-2087.5164903715263,-2087.5164903715263,0,0,0,0,0,0,0,0,0,0,0,0,0,0,0,0,0,0,0,0,0,0,0,0,0,0,0,0,0,0,0,0,0,0,0,0,-2087.5164903715263,-2087.5164903715263,-2087.5164903715263,0,0,0,239867.3346609488,270301.33444440115,257613.8844544942,257613.8844544942,255526.36796412268
2020-07-29T00:00:00Z,260304.14164528018,3550.6262554965415,3550.6262554965415,3550.6262554965415,0,0,0,0,0,0,0,0,0,0,0,0,0,0,0,0,0,0,0,0,0,0,0,0,0,0,0,0,0,0,0,0,0,0,0,0,3550.6262554965415,3550.6262554965415,3550.6262554965415,0,0,0,249136.05584276604,278386.1326258195,260295.55684878817,260314.42154260515,263854.7679007767
2020-07-30T00:00:00Z,262994.3988360662,7696.0013541253675,7696.0013541253675,7696.0013541253675,0,0,0,0,0,0,0,0,0,0,0,0,0,0,0,0,0,0,0,0,0,0,0,0,0,0,0,0,0,0,0,0,0,0,0,0,7696.0013541253675,7696.0013541253675,7696.0013541253675,0,0,0,255806.8308418377,284797.0879706502,262897.6276226601,263061.4944344329,270690.4001901916
2020-07-31T00:00:00Z,265684.6560268522,8056.99147276777,8056.99147276777,8056.99147276777,0,0,0,0,0,0,0,0,0,0,0,0,0,0,0,0,0,0,0,0,0,0,0,0,0,0,0,0,0,0,0,0,0,0,0,0,8056.99147276777,8056.99147276777,8056.99147276777,0,0,0,259664.8386840625,290265.49621384725,265470.5181142919,265853.43216424284,273741.64749962
2020-08-01T00:00:00Z,268374.91321763815,2552.073411572771,2552.073411572771,2552.073411572771,0,0,0,0,0,0,0,0,0,0,0,0,0,0,0,0,0,0,0,0,0,0,0,0,0,0,0,0,0,0,0,0,0,0,0,0,2552.073411572771,2552.073411572771,2552.073411572771,0,0,0,255652.9778557522,286348.88039798755,268007.97585771437,268680.04193521786,270926.98662921094
2020-08-02T00:00:00Z,271065.17040842405,-8144.074569281854,-8144.074569281854,-8144.074569281854,0,0,0,0,0,0,0,0,0,0,0,0,0,0,0,0,0,0,0,0,0,0,0,0,0,0,0,0,0,0,0,0,0,0,0,0,-8144.074569281854,-8144.074569281854,-8144.074569281854,0,0,0,247466.55942066544,278451.05246163957,270516.23251856404,271594.5151392546,262921.0958391422
2020-08-03T00:00:00Z,273755.42759921006,-11624.101434291042,-11624.101434291042,-11624.101434291042,0,0,0,0,0,0,0,0,0,0,0,0,0,0,0,0,0,0,0,0,0,0,0,0,0,0,0,0,0,0,0,0,0,0,0,0,-11624.101434291042,-11624.101434291042,-11624.101434291042,0,0,0,247425.57013682948,277492.0463476674,273000.6962739335,274496.8772086052,262131.326164919
2020-08-04T00:00:00Z,276445.684789996,-2087.5164903643513,-2087.5164903643513,-2087.5164903643513,0,0,0,0,0,0,0,0,0,0,0,0,0,0,0,0,0,0,0,0,0,0,0,0,0,0,0,0,0,0,0,0,0,0,0,0,-2087.5164903643513,-2087.5164903643513,-2087.5164903643513,0,0,0,260174.3913713001,290088.1441307831,275440.87313806935,277445.9126538204,274358.1682996317
2020-08-05T00:00:00Z,279135.94198078196,3550.6262554985537,3550.6262554985537,3550.6262554985537,0,0,0,0,0,0,0,0,0,0,0,0,0,0,0,0,0,0,0,0,0,0,0,0,0,0,0,0,0,0,0,0,0,0,0,0,3550.6262554985537,3550.6262554985537,3550.6262554985537,0,0,0,267941.23962705437,299042.9061360358,277913.43755791325,280374.18596726365,282686.5682362805
2020-08-06T00:00:00Z,281826.19917156803,7696.001354126227,7696.001354126227,7696.001354126227,0,0,0,0,0,0,0,0,0,0,0,0,0,0,0,0,0,0,0,0,0,0,0,0,0,0,0,0,0,0,0,0,0,0,0,0,7696.001354126227,7696.001354126227,7696.001354126227,0,0,0,274690.8916970452,304787.69145487866,280338.71364380367,283386.04729884345,289522.20052569424
2020-08-07T00:00:00Z,284516.4563623539,8056.9914727680425,8056.9914727680425,8056.9914727680425,0,0,0,0,0,0,0,0,0,0,0,0,0,0,0,0,0,0,0,0,0,0,0,0,0,0,0,0,0,0,0,0,0,0,0,0,8056.9914727680425,8056.9914727680425,8056.9914727680425,0,0,0,276569.45311087533,307637.10989388503,282799.71571808046,286439.45854006486,292573.44783512194
2020-08-08T00:00:00Z,287206.71355313994,2552.073411569371,2552.073411569371,2552.073411569371,0,0,0,0,0,0,0,0,0,0,0,0,0,0,0,0,0,0,0,0,0,0,0,0,0,0,0,0,0,0,0,0,0,0,0,0,2552.073411569371,2552.073411569371,2552.073411569371,0,0,0,275041.68592724705,304190.67453499464,285224.3581461749,289446.14390060015,289758.7869647093
2020-08-09T00:00:00Z,289896.9707439259,-8144.074569282715,-8144.074569282715,-8144.074569282715,0,0,0,0,0,0,0,0,0,0,0,0,0,0,0,0,0,0,0,0,0,0,0,0,0,0,0,0,0,0,0,0,0,0,0,0,-8144.074569282715,-8144.074569282715,-8144.074569282715,0,0,0,265473.6158361267,298759.96800904686,287577.67078163545,292467.01238141226,281752.8961746432
2020-08-10T00:00:00Z,292587.22793471196,-11624.101434285421,-11624.101434285421,-11624.101434285421,0,0,0,0,0,0,0,0,0,0,0,0,0,0,0,0,0,0,0,0,0,0,0,0,0,0,0,0,0,0,0,0,0,0,0,0,-11624.101434285421,-11624.101434285421,-11624.101434285421,0,0,0,266118.8291154317,296710.515289691,289932.9163136758,295555.58081251493,280963.12650042656
2020-08-11T00:00:00Z,295277.485125498,-2087.5164903571767,-2087.5164903571767,-2087.5164903571767,0,0,0,0,0,0,0,0,0,0,0,0,0,0,0,0,0,0,0,0,0,0,0,0,0,0,0,0,0,0,0,0,0,0,0,0,-2087.5164903571767,-2087.5164903571767,-2087.5164903571767,0,0,0,278539.0947918077,308707.4738993849,292302.32226215093,298616.0202137712,293189.9686351408
2020-08-12T00:00:00Z,297967.7423162838,3550.626255502054,3550.626255502054,3550.626255502054,0,0,0,0,0,0,0,0,0,0,0,0,0,0,0,0,0,0,0,0,0,0,0,0,0,0,0,0,0,0,0,0,0,0,0,0,3550.626255502054,3550.626255502054,3550.626255502054,0,0,0,285762.3470552952,318153.71208732366,294649.24026213103,301636.82757617725,301518.36857178586
2020-08-13T00:00:00Z,300657.99950706976,7696.001354117862,7696.001354117862,7696.001354117862,0,0,0,0,0,0,0,0,0,0,0,0,0,0,0,0,0,0,0,0,0,0,0,0,0,0,0,0,0,0,0,0,0,0,0,0,7696.001354117862,7696.001354117862,7696.001354117862,0,0,0,292542.95616658917,323265.3583099874,296988.68572588044,304701.68555720674,308354.00086118764
2020-08-14T00:00:00Z,303348.2566978557,8056.991472768066,8056.991472768066,8056.991472768066,0,0,0,0,0,0,0,0,0,0,0,0,0,0,0,0,0,0,0,0,0,0,0,0,0,0,0,0,0,0,0,0,0,0,0,0,8056.991472768066,8056.991472768066,8056.991472768066,0,0,0,295586.98913135595,326533.52018072363,299324.31102159596,307789.16398982116,311405.2481706238
2020-08-15T00:00:00Z,306038.5138886417,2552.0734115552477,2552.0734115552477,2552.0734115552477,0,0,0,0,0,0,0,0,0,0,0,0,0,0,0,0,0,0,0,0,0,0,0,0,0,0,0,0,0,0,0,0,0,0,0,0,2552.0734115552477,2552.0734115552477,2552.0734115552477,0,0,0,292350.66069364944,323814.55733001634,301572.5370467684,310884.50423752214,308590.587300197
2020-08-16T00:00:00Z,308728.7710794277,-8144.074569292975,-8144.074569292975,-8144.074569292975,0,0,0,0,0,0,0,0,0,0,0,0,0,0,0,0,0,0,0,0,0,0,0,0,0,0,0,0,0,0,0,0,0,0,0,0,-8144.074569292975,-8144.074569292975,-8144.074569292975,0,0,0,285422.89560543204,317381.6336743904,303814.8006999069,313902.8526859821,300584.69651013473
2020-08-17T00:00:00Z,311419.0282702138,-11624.101434286016,-11624.101434286016,-11624.101434286016,0,0,0,0,0,0,0,0,0,0,0,0,0,0,0,0,0,0,0,0,0,0,0,0,0,0,0,0,0,0,0,0,0,0,0,0,-11624.101434286016,-11624.101434286016,-11624.101434286016,0,0,0,284742.77875894867,316283.22664166655,306023.06466399523,317013.31613857934,299794.92683592776
2020-08-18T00:00:00Z,314109.28546099976,-2087.516490388388,-2087.516490388388,-2087.516490388388,0,0,0,0,0,0,0,0,0,0,0,0,0,0,0,0,0,0,0,0,0,0,0,0,0,0,0,0,0,0,0,0,0,0,0,0,-2087.516490388388,-2087.516490388388,-2087.516490388388,0,0,0,296488.91111817834,327174.1644216928,308324.333052468,320239.51455684187,312021.7689706114
2020-08-19T00:00:00Z,316799.5426517857,3550.626255505553,3550.626255505553,3550.626255505553,0,0,0,0,0,0,0,0,0,0,0,0,0,0,0,0,0,0,0,0,0,0,0,0,0,0,0,0,0,0,0,0,0,0,0,0,3550.626255505553,3550.626255505553,3550.626255505553,0,0,0,303525.4245018387,336641.6395795831,310563.422961124,323306.82227529254,320350.16890729126
2020-08-20T00:00:00Z,319489.79984257167,7696.001354118724,7696.001354118724,7696.001354118724,0,0,0,0,0,0,0,0,0,0,0,0,0,0,0,0,0,0,0,0,0,0,0,0,0,0,0,0,0,0,0,0,0,0,0,0,7696.001354118724,7696.001354118724,7696.001354118724,0,0,0,309963.90549639356,343110.0997782141,312793.28035822243,326485.2379479996,327185.8011966904
2020-08-21T00:00:00Z,322180.0570333577,8056.991472763379,8056.991472763379,8056.991472763379,0,0,0,0,0,0,0,0,0,0,0,0,0,0,0,0,0,0,0,0,0,0,0,0,0,0,0,0,0,0,0,0,0,0,0,0,8056.991472763379,8056.991472763379,8056.991472763379,0,0,0,313638.89498048805,347094.4847527981,314950.71202646306,329533.27752262575,330237.04850612103
2020-08-22T00:00:00Z,324870.3142241436,2552.0734115518476,2552.0734115518476,2552.0734115518476,0,0,0,0,0,0,0,0,0,0,0,0,0,0,0,0,0,0,0,0,0,0,0,0,0,0,0,0,0,0,0,0,0,0,0,0,2552.0734115518476,2552.0734115518476,2552.0734115518476,0,0,0,310627.7298967161,343207.9532920888,317161.36871633696,332654.474472343,327422.38763569546
2020-08-23T00:00:00Z,327560.5714149296,-8144.074569298534,-8144.074569298534,-8144.074569298534,0,0,0,0,0,0,0,0,0,0,0,0,0,0,0,0,0,0,0,0,0,0,0,0,0,0,0,0,0,0,0,0,0,0,0,0,-8144.074569298534,-8144.074569298534,-8144.074569298534,0,0,0,301949.04658194643,337456.8584246692,319276.0477708201,335673.26941726956,319416.49684563105
2020-08-24T00:00:00Z,330250.8286057156,-11624.101434298129,-11624.101434298129,-11624.101434298129,0,0,0,0,0,0,0,0,0,0,0,0,0,0,0,0,0,0,0,0,0,0,0,0,0,0,0,0,0,0,0,0,0,0,0,0,-11624.101434298129,-11624.101434298129,-11624.101434298129,0,0,0,302720.1705387841,336173.1307677761,321454.00219706993,338769.0210356913,318626.72717141744
2020-08-25T00:00:00Z,332941.08579650155,-2087.5164903821137,-2087.5164903821137,-2087.5164903821137,0,0,0,0,0,0,0,0,0,0,0,0,0,0,0,0,0,0,0,0,0,0,0,0,0,0,0,0,0,0,0,0,0,0,0,0,-2087.5164903821137,-2087.5164903821137,-2087.5164903821137,0,0,0,312508.03554640716,348258.16990472894,323561.6905333662,341750.62420217105,330853.5693061194
2020-08-26T00:00:00Z,335631.3429872875,3550.626255509053,3550.626255509053,3550.626255509053,0,0,0,0,0,0,0,0,0,0,0,0,0,0,0,0,0,0,0,0,0,0,0,0,0,0,0,0,0,0,0,0,0,0,0,0,3550.626255509053,3550.626255509053,3550.626255509053,0,0,0,321673.2776250383,356959.89989596873,325797.02443048236,344755.01123027544,339181.96924279653
